coragyps_atratus,ardea_alba,buteo_albicaudatus,gypohierax,harpya,milvago_chimachima,trigonoceps,aix,buteogallus,eudocimus,platalea,sarcorhamphus,vultur
AST,PRT,APV,CBT,OBS,OBS,OBS,OBS,OBS,OBS,OBS,OBS,OBS
OBS,OBS,OBS,OBS,SCL,ACP,MAS,CBA,CBA,CBA,CBA,CBA,CBA
APV,PRT,APV,NAL,NAL,OBS,ACD,APV,APV,APV,APV,APV,APV
OBS,OBS,OBS,OBS,OBS,NAL,OBS,PRT,PRT,PRT,PRT,PRT,PRT
APV,PRT,APV,NAL,NAL,OBS,MAS,ACD,ACD,ACD,ACD,ACD,ACD
OBS,OBS,AUR,OBS,OBS,LIT,OBS,ACG,ACG,ACG,ACG,ACG,ACG
APV,PRT,OBS,CBT,APV,OBS,LIT,ACP,ACP,ACP,ACP,ACP,ACP
OBS,OBS,NAL,OBS,NAL,NAL,OBS,ACA,ACA,ACA,ACA,ACA,ACA
ACP,PRT,OBS,LIT,OBS,OBS,ACE,AUR,AUR,AUR,AUR,AUR,AUR
OBS,OBS,ACP,NAL,PRT,AUR,OBS,ACE,ACE,ACE,ACE,ACE,ACE
ACE,SCL,OBS,LIT,OBS,NAL,MAS,LIT,LIT,LIT,LIT,LIT,LIT
OBS,OBS,AUR,NAL,AUR,OBS,ACG,LCD,LCD,LCD,LCD,LCD,LCD
ACG,CBA,OBS,LIT,OBS,ACD,OBS,AST,AST,AST,AST,AST,AST
OBS,OBS,ACP,NAL,AUR,OBS,MAS,EMA,EMA,EMA,EMA,EMA,EMA
PRT,PRT,ECA,OBS,OBS,NAL,ACG,SAC,SAC,SAC,SAC,SAC,SAC
OBS,OBS,OBS,NAL,SCL,OBS,OBS,SCL,SCL,SCL,SCL,SCL,SCL
ACG,ACP,ACP,OBS,OBS,ACP,MAS,CBT,CBT,CBT,CBT,CBT,CBT
OBS,PRT,OBS,NAL,NAL,OBS,ACG,ECA,ECA,ECA,ECA,ECA,ECA
PRT,OBS,ECA,OBS,SCL,LIT,OBS,NAL,NAL,NAL,NAL,NAL,NAL
OBS,PRT,OBS,NAL,OBS,OBS,ACD,OBS,OBS,OBS,OBS,OBS,ACA
ACG,OBS,AUR,OBS,NAL,NAL,MAS,AST,CBA,ACP,SCL,ACD,OBS
OBS,PRT,OBS,NAL,OBS,OBS,OBS,OBS,OBS,LIT,ACG,OBS,LIT
PRT,OBS,ACG,OBS,AUR,AUR,NAL,AST,AUR,OBS,NAL,NAL,OBS
MAS,PRT,OBS,NAL,OBS,NAL,ACP,OBS,NAL,ACA,OBS,OBS,AST
OBS,OBS,AST,OBS,ECA,OBS,OBS,ACG,OBS,OBS,SCL,NAL,OBS
ACG,PRT,OBS,NAL,NAL,ACD,MAS,OBS,AUR,LIT,ACG,AST,PRT
MAS,OBS,AST,OBS,ECA,OBS,ACP,ACG,CBA,OBS,SCL,OBS,OBS
OBS,ACE,OBS,NAL,OBS,NAL,OBS,OBS,AUR,PRT,ACD,AST,PRT
ACA,OBS,AST,OBS,NAL,OBS,MAS,ACG,OBS,ACA,OBS,OBS,OBS
OBS,PRT,OBS,NAL,OBS,CBT,OBS,OBS,AUR,OBS,SCL,AST,PRT
APV,OBS,ACG,OBS,SCL,OBS,MAS,ACG,OBS,AUR,ACD,OBS,ACP
OBS,PRT,OBS,LIT,NAL,CBT,OBS,ACE,NAL,ACG,OBS,NAL,ACG
ACD,OBS,ACP,NAL,OBS,OBS,MAS,AST,AUR,OBS,ACD,ACA,OBS
OBS,PRT,NAL,OBS,SCL,ACE,OBS,ACD,OBS,ACG,OBS,OBS,AST
PRT,OBS,OBS,LCD,OBS,NAL,MAS,OBS,AUR,OBS,SCL,APV,APV
OBS,PRT,APV,OBS,SCL,OBS,SCL,AST,AST,AST,ACP,PRT,ACD
PRT,OBS,OBS,NAL,OBS,CBA,MAS,OBS,OBS,OBS,ACG,OBS,OBS
ACA,ACG,NAL,OBS,SCL,OBS,OBS,AST,AUR,APV,ACE,PRT,ACA
MAS,OBS,CBA,NAL,OBS,PRT,NAL,OBS,OBS,ACP,OBS,OBS,ACP
OBS,ACG,NAL,OBS,SCL,OBS,OBS,ACG,ACA,OBS,ACG,NAL,ACG
MAS,OBS,AUR,NAL,OBS,PRT,NAL,OBS,OBS,ACG,OBS,OBS,OBS
OBS,ACG,OBS,OBS,EMA,APV,OBS,AUR,AUR,OBS,AST,NAL,ACG
PRT,OBS,AST,NAL,NAL,OBS,NAL,CBT,OBS,AUR,OBS,AST,ACP
AUR,ACG,OBS,OBS,OBS,AUR,OBS,AUR,AUR,LIT,AST,OBS,ACG
OBS,OBS,ACD,NAL,EMA,OBS,NAL,PRT,OBS,OBS,ACD,ACE,OBS
PRT,PRT,AST,OBS,OBS,PRT,OBS,NAL,AUR,AUR,PRT,PRT,LCD
OBS,OBS,NAL,NAL,SCL,APV,NAL,PRT,OBS,OBS,OBS,OBS,PRT
PRT,PRT,OBS,OBS,OBS,OBS,CBT,NAL,AUR,NAL,SCL,AST,OBS
MAS,OBS,ACG,NAL,APV,AUR,OBS,AST,OBS,ACG,ACA,OBS,LCD
SCL,PRT,OBS,SCL,NAL,OBS,ACE,OBS,AUR,AST,PRT,,PRT
MAS,OBS,NAL,NAL,OBS,AUR,MAS,NAL,OBS,OBS,NAL,AST,OBS
APV,PRT,OBS,OBS,AUR,OBS,NAL,AST,AUR,APV,SCL,OBS,PRT
AST,OBS,AST,SCL,OBS,APV,OBS,OBS,OBS,OBS,AST,SCL,ACP
OBS,ACE,OBS,NAL,AUR,OBS,NAL,NAL,AUR,APV,OBS,OBS,ACG
ACE,OBS,ACE,OBS,OBS,SAC,OBS,AST,OBS,OBS,ACG,LCD,OBS
PRT,PRT,OBS,NAL,AUR,OBS,CBT,OBS,AUR,ACG,NAL,OBS,ACP
OBS,OBS,ACP,OBS,OBS,AST,MAS,NAL,OBS,ACP,OBS,NAL,ACE
PRT,PRT,OBS,NAL,SCL,ACP,OBS,CBT,AUR,OBS,NAL,OBS,PRT
OBS,OBS,ACP,OBS,OBS,NAL,CBT,NAL,AST,AUR,SCL,NAL,OBS
ACE,PRT,NAL,NAL,NAL,OBS,MAS,AST,AUR,OBS,ACG,ACA,PRT
OBS,OBS,SCL,OBS,OBS,LIT,OBS,OBS,OBS,NAL,OBS,OBS,OBS
ACG,PRT,NAL,NAL,EMA,OBS,CBT,NAL,AUR,OBS,SCL,LCD,ACE
OBS,OBS,SCL,OBS,NAL,NAL,MAS,OBS,OBS,SCL,ACG,OBS,ACD
AST,PRT,NAL,NAL,OBS,OBS,OBS,CBT,AUR,LIT,OBS,ACG,OBS
OBS,OBS,SCL,OBS,AUR,AUR,LIT,NAL,,OBS,NAL,OBS,ACD
ACD,PRT,NAL,NAL,OBS,NAL,MAS,CBT,,ACA,OBS,ACG,ACE
ACP,OBS,SCL,OBS,EMA,OBS,CBT,NAL,,,NAL,OBS,OBS
APV,PRT,NAL,NAL,OBS,ACD,MAS,OBS,,,ACE,ACG,LCD
OBS,AST,OBS,OBS,SCL,OBS,OBS,PRT,,,OBS,OBS,PRT
APV,PRT,NAL,NAL,OBS,ACP,MAS,OBS,,,AST,ACG,OBS
OBS,AST,OBS,OBS,ACP,NAL,OBS,NAL,,,OBS,OBS,SAC
ACG,OBS,NAL,NAL,NAL,OBS,AST,AST,,,AST,ACD,OBS
OBS,PRT,CBA,OBS,OBS,LIT,APV,OBS,,,APV,OBS,ACG
ACG,OBS,OBS,NAL,AUR,NAL,MAS,AST,,,OBS,ACP,ACP
OBS,ACG,CBA,OBS,OBS,OBS,OBS,OBS,OBS,,AST,OBS,ACG
MAS,OBS,OBS,NAL,EMA,AUR,MAS,AUR,AUR,,APV,ACE,OBS
OBS,PRT,CBA,OBS,OBS,OBS,OBS,OBS,AST,,OBS,OBS,PRT
NAL,OBS,OBS,NAL,EMA,ACD,AST,CBT,OBS,APV,APV,APV,OBS
OBS,PRT,CBA,OBS,OBS,OBS,OBS,NAL,NAL,OBS,OBS,OBS,AST
PRT,OBS,OBS,LCD,NAL,ACD,ACE,CBT,OBS,ACG,AST,APV,OBS
OBS,PRT,CBA,OBS,OBS,OBS,APV,NAL,PRT,ACA,OBS,OBS,ACE
SCL,OBS,OBS,NAL,NAL,NAL,OBS,CBT,OBS,OBS,APV,APV,ACG
OBS,ACE,SAC,OBS,OBS,OBS,ACD,NAL,PRT,ACG,OBS,OBS,OBS
SCL,PRT,OBS,NAL,NAL,CBA,MAS,AUR,OBS,OBS,SCL,APV,PRT
OBS,OBS,NAL,OBS,OBS,LIT,OBS,CBT,PRT,PRT,ACE,OBS,OBS
ACG,ACG,OBS,ACP,ECA,OBS,CBT,NAL,OBS,OBS,NAL,APV,ACA
OBS,OBS,CBA,ACA,NAL,NAL,OBS,AUR,AST,PRT,PRT,OBS,LIT
PRT,ACE,OBS,OBS,OBS,CBA,PRT,CBT,OBS,APV,OBS,APV,OBS
OBS,ACD,PRT,CBT,NAL,NAL,OBS,NAL,AUR,OBS,NAL,OBS,LIT
ACP,ACE,OBS,OBS,AUR,OBS,PRT,AUR,OBS,APV,,NAL,OBS
SCL,PRT,NAL,CBT,OBS,NAL,OBS,CBT,ACG,OBS,,APV,ACD
ACG,OBS,PRT,OBS,ECA,OBS,PRT,NAL,PRT,APV,,OBS,OBS
ACE,PRT,NAL,CBT,OBS,ACP,OBS,AUR,OBS,OBS,,APV,SAC
PRT,OBS,OBS,OBS,SCL,NAL,SCL,CBT,ACG,LIT,,OBS,OBS
ACP,PRT,AUR,CBT,OBS,OBS,OBS,NAL,OBS,OBS,,APV,ACA
OBS,OBS,NAL,OBS,NAL,NAL,SCL,AUR,ACG,LIT,,OBS,PRT
PRT,PRT,OBS,CBT,OBS,OBS,NAL,OBS,ACP,APV,,APV,OBS
ACP,OBS,LCD,OBS,ACP,CBA,SCL,ACD,OBS,OBS,,OBS,PRT
OBS,PRT,OBS,CBT,NAL,NAL,LCD,AST,ACP,ACG,,APV,OBS
AST,OBS,AUR,AST,OBS,OBS,ECA,OBS,ACA,OBS,,OBS,ACG
PRT,PRT,NAL,OBS,NAL,AST,OBS,CBT,NAL,ACG,OBS,APV,ACD
OBS,AST,OBS,NAL,OBS,OBS,ECA,AST,OBS,APV,SCL,OBS,ACG
AST,OBS,NAL,OBS,CBA,AST,OBS,OBS,AUR,OBS,ACD,APV,OBS
PRT,PRT,AST,AUR,OBS,PRT,AST,NAL,OBS,APV,AST,OBS,ACD
OBS,ACE,OBS,NAL,NAL,OBS,OBS,AST,AUR,OBS,OBS,APV,OBS
NAL,OBS,ECA,OBS,OBS,AUR,ACA,OBS,OBS,APV,SCL,OBS,PRT
CBA,ACE,OBS,CBA,SCL,OBS,OBS,NAL,AUR,OBS,OBS,NAL,AST
OBS,PRT,ACP,OBS,OBS,AUR,ACP,OBS,OBS,SAC,SCL,APV,ACE
PRT,OBS,ECA,LIT,SCL,NAL,OBS,CBT,ECA,APV,AST,OBS,OBS
OBS,PRT,OBS,OBS,OBS,OBS,ACD,NAL,OBS,OBS,ACD,APV,LCD
AUR,OBS,AUR,SCL,SCL,ACE,OBS,AST,ECA,APV,AST,OBS,AST
OBS,PRT,OBS,NAL,OBS,AST,PRT,OBS,OBS,OBS,OBS,NAL,AUR
CBA,OBS,ACP,OBS,SCL,OBS,OBS,AUR,ECA,APV,SCL,AUR,PRT
ACD,PRT,ACG,NAL,OBS,PRT,ACE,OBS,OBS,PRT,CBT,OBS,OBS
OBS,OBS,OBS,SCL,SCL,LCD,OBS,CBT,ECA,OBS,SCL,NAL,PRT
AST,PRT,AST,NAL,NAL,OBS,NAL,AST,OBS,APV,PRT,APV,OBS
OBS,OBS,OBS,OBS,OBS,NAL,OBS,OBS,ECA,OBS,OBS,OBS,PRT
CBA,PRT,AST,NAL,NAL,OBS,NAL,NAL,OBS,ACP,SCL,APV,OBS
OBS,ACP,OBS,ACP,OBS,AST,OBS,AST,ECA,OBS,CBT,OBS,PRT
SCL,PRT,AST,OBS,APV,OBS,CBT,OBS,OBS,APV,SCL,NAL,OBS
OBS,OBS,OBS,ACP,NAL,NAL,NAL,AST,SAC,OBS,ACE,APV,PRT
SCL,PRT,AST,NAL,OBS,AST,OBS,AUR,ECA,,PRT,OBS,OBS
OBS,OBS,OBS,SCL,PRT,NAL,PRT,AST,OBS,,ACE,AUR,ACE
ACP,PRT,AST,NAL,OBS,OBS,NAL,NAL,AUR,,OBS,OBS,ACD
OBS,OBS,OBS,SCL,AUR,CBA,OBS,AST,,,NAL,AUR,AST
ACD,PRT,AST,NAL,OBS,NAL,PRT,NAL,,,OBS,OBS,ACE
OBS,OBS,OBS,AST,AUR,OBS,OBS,OBS,,,AST,PRT,ACD
AST,PRT,ACG,NAL,OBS,NAL,ACG,ACG,,,ACD,OBS,OBS
OBS,OBS,OBS,OBS,SCL,ACP,ACP,OBS,,,OBS,NAL,PRT
CBA,PRT,ACG,ACP,OBS,OBS,OBS,ACG,,,SCL,APV,APV
OBS,OBS,OBS,APV,NAL,ACP,AST,OBS,,,ACG,OBS,OBS
SCL,APV,ACG,OBS,SCL,OBS,PRT,ACG,,,CBT,APV,APV
OBS,AUR,OBS,SCL,OBS,ACG,AST,PRT,,CBA,OBS,OBS,OBS
SCL,APV,ACG,NAL,NAL,OBS,PRT,ACD,,OBS,SCL,PRT,APV
OBS,AUR,OBS,CBT,OBS,ACG,OBS,OBS,,LIT,ACG,OBS,OBS
ACP,OBS,ACP,SCL,AUR,OBS ,ACE,NAL,ACP,ACA,CBT,SCL,APV
OBS,PRT,OBS,CBT,OBS,ACG,PRT,AST,OBS,OBS,SCL,ACG,OBS
PRT,OBS,ACP,APV,ECA,OBS,NAL,OBS,ACG,ACG,ACE,OBS,APV
OBS,ACG,OBS,OBS,NAL,AST,OBS,AST,ACP,AUR,OBS,LCD,OBS
PRT,OBS,ACP,NAL,ECA,OBS,ACP,AUR,OBS,OBS,SCL,OBS,PRT
ACG,PRT,OBS,OBS,OBS,AST,PRT,OBS,ACP,SAC,ACE,AST,OBS
OBS,OBS,PRT,NAL,OBS,OBS,OBS,AST,OBS,OBS,OBS,OBS,PRT
ACG,ACG,OBS,OBS,CBA,ACG,AST,OBS,ACG,ACG,ACE,AST,OBS
OBS,OBS,NAL,APV,APV,OBS,OBS,AUR,OBS,OBS,OBS,OBS,PRT
PRT,PRT,OBS,OBS,PRT,ACG,LCD,OBS,AUR,AST,SCL,LCD,OBS
AST,OBS,CBA,AUR,ACD,NAL,OBS,ACG,OBS,OBS,AST,OBS,PRT
OBS,ACG,OBS,OBS,ACG,OBS,ECA,OBS,AST,AST,ACD,AUR,OBS
AST,OBS,AUR,AUR,ACP,NAL,PRT,NAL,OBS,OBS,CBT,OBS,PRT
OBS,ACG,OBS,OBS,ACA,OBS,OBS,AST,AUR,AST,SCL,AUR,OBS
AST,OBS,AST,PRT,AUR,ACG,ECA,OBS,OBS,APV,OBS,OBS,PRT
OBS,ACG,OBS,NAL,ACE,OBS,OBS,NAL,AUR,OBS,SCL,AUR,OBS
AST,ACE,ACD,OBS,LIT,ACG,SCL,ACG,OBS,APV,ACG,APV,LCD
OBS,OBS,AST,SCL,LCD,NAL,OBS,OBS,ECA,OBS,CBT,OBS,PRT
PRT,AUR,OBS,OBS,AST,OBS,SCL,NAL,OBS,APV,SCL,AUR,ACA
OBS,APV,AST,SCL,EMA,ACG,OBS,ACG,PRT,OBS,OBS,OBS,ACP
AST,OBS,OBS,OBS,SAC,NAL,SCL,OBS,OBS,NAL,CBT,NAL,LIT
OBS,PRT,AST,SCL,SCL,OBS,OBS,NAL,PRT,ACA,SCL,PRT,OBS
ACD,OBS,NAL,OBS,CBT,ACG,SCL,,OBS,OBS,AST,LCD,NAL
AST,PRT,OBS,SCL,ECA,OBS,OBS,,APV,SCL,OBS,OBS,OBS
APV,OBS,ACG,OBS,NAL,ACD,LIT,,OBS,ACD,AST,LCD,NAL
PRT,ACG,OBS,AST,OBS,OBS,NAL,,AST,OBS,ACE,AUR,AST
OBS,OBS,AST,OBS,SAC,ACD,LIT,,ACD,NAL,CBT,OBS,OBS
PRT,ACG,OBS,AST,OBS,OBS,NAL,,AUR,SCL,SCL,LCD,AST
ACE,ACE,AST,OBS,CBA,ACD,OBS,,OBS,ACD,OBS,OBS,OBS
OBS,OBS,OBS,NAL,OBS,OBS,LIT,,AST,AST,,NAL,AST
ACP,PRT,OBS,OBS,AUR,ACD,OBS,,OBS,OBS,,APV,OBS
OBS,OBS,AST,NAL,OBS,OBS,NAL,,AST,NAL,,OBS,SAC
NAL,ACG,OBS,SCL,SCL,ACG,OBS,,OBS,SCL,,NAL,ACG
ACP,OBS,NAL,OBS,OBS,NAL,PRT,OBS,ACE,OBS,,LCD,OBS
OBS,ACG,OBS,SCL,AUR,OBS,OBS,AST,OBS,SCL,,OBS,CBT
ACP,OBS,ACP,OBS,OBS,ACG,NAL,OBS,NAL,PRT,,NAL,OBS
ACG,ACE,OBS,ACA,APV,OBS,OBS,AST,AST,AST,,ACD,ACG
NAL,OBS,ACE,OBS,OBS,ACP,PRT,PRT,OBS,OBS,,LCD,OBS
OBS,ACE,OBS,NAL,APV,OBS,NAL,OBS,NAL,ACE,,OBS,ACE
ACP,OBS,ACE,OBS,AUR,NAL,SCL,NAL,AST,PRT,,ACD,PRT
OBS,PRT,OBS,ACP,OBS,OBS,OBS,AST,OBS,OBS,OBS,ACP,OBS
ACP,OBS,ACE,OBS,AUR,AST ,NAL,OBS,AST,NAL,CBT,OBS,CBT
OBS,PRT,OBS,NAL,OBS,NAL,OBS,NAL,ACE,ECA,SCL,ACD,OBS
ACP,OBS,PRT,OBS,AUR,OBS,SCL,APV,PRT,SCL,AUR,OBS,CBT
OBS,ACE,OBS,APV,OBS,NAL,OBS,OBS,OBS,ACG,CBT,NAL,OBS
ACP,PRT,NAL,OBS,AUR,SCL,ECA,APV,NAL,ACA,SCL,ACA,NAL
OBS,ACE,OBS,LCD,OBS,OBS,OBS,OBS,AST,SCL,AUR,OBS,OBS
CBA,PRT,ACP,OBS,AUR,NAL,PRT,PRT,OBS,ACA,CBT,ACE,APV
NAL,OBS,NAL,LCD,ACD,CBA,OBS,OBS,AST,OBS,SCL,NAL,OBS
AST,PRT,SCL,OBS,OBS,NAL,NAL,CBT,NAL,SCL,LIT,LCD,ACA
OBS,AST,NAL,PRT,AST,SCL,PRT,ACP,ACD,NAL,CBT,OBS,OBS
AST,APV,SCL,NAL,OBS,OBS,ACE,OBS,OBS,OBS,SCL,AUR,APV
OBS,OBS,NAL,OBS,AUR,NAL,PRT,PRT,ACE,AUR,AUR,OBS,AST
AST,ACG,SCL,PRT,OBS,SCL,ACE,OBS,ACP,NAL,CBT,AUR,OBS
OBS,OBS,NAL,OBS,AST,NAL,PRT,NAL,ACG,APV,SCL,OBS,PRT
PRT,ACG,SCL,ACG,OBS,SCL,NAL,OBS,OBS,SCL,ACA,AUR,AST
OBS,OBS,NAL,ACP,ACE,OBS,OBS,LIT,NAL,AST,CBT,OBS,ACD
AST,ACG,OBS,OBS,OBS,NAL,ACA,OBS,APV,OBS,SCL,AUR,AUR
APV,PRT,NAL,APV,ACP,OBS,ACP,NAL,AST,ACE,PRT,OBS,OBS
OBS,OBS,OBS,OBS,OBS,NAL,OBS,LIT,AUR,SCL,CBT,AUR,AUR
AST,ACG,CBA,APV,AST,OBS,PRT,OBS,OBS,ACE,NAL,OBS,OBS
OBS,PRT,OBS,OBS,OBS,NAL,OBS,AUR,APV,APV,SCL,AUR,AUR
AST,OBS,CBA,NAL,AST,OBS,PRT,LIT,AST,ACE,ACP,OBS,OBS
OBS,PRT,OBS,LCD,OBS,NAL,OBS,OBS,OBS,APV,CBT,AUR,AUR
AST,OBS,CBA,NAL,ACP,OBS,PRT,AUR,APV,ACE,NAL,OBS,OBS
OBS,PRT,OBS,OBS,OBS,NAL,OBS,OBS,OBS,APV,SCL,AUR,AST
ACD,OBS,CBA,NAL,AUR,AUR,NAL,AST,NAL,OBS,ACE,ACD,AUR
AUR,PRT,OBS,OBS,OBS,OBS,OBS,OBS,OBS,SCL,SCL,OBS,APV
OBS,OBS,CBA,PRT,AUR,AUR,PRT,AST,ACG,ACG,ACG,AUR,OBS
AUR,PRT,OBS,OBS,CBA,NAL,AST,OBS,ACE,SCL,CBT,AST,AST
ACD,AUR,NAL,PRT,OBS,OBS,OBS,LIT,PRT,ACG,SCL,APV,OBS
OBS,OBS,OBS,OBS,CBA,AUR,NAL,OBS,OBS,NAL,OBS,AST,AST
CBA,PRT,SAC,ACP,PRT,OBS,OBS,ACA,AST,SCL,SCL,LCD,ACG
PRT,OBS,OBS,OBS,OBS,ACD,PRT,OBS,AUR,AUR,AST,APV,OBS
NAL,ACP,SCL,ACG,ACD,OBS,NAL,ACA,OBS,NAL,CBT,AUR,ACG
OBS,OBS,OBS,OBS,OBS,AST,OBS,OBS,AUR,SCL,OBS,PRT,OBS
AST,ACP,NAL,ACG,CBA,OBS,ACG,NAL,OBS,AUR,SCL,APV,ACG
OBS,OBS,CBA,OBS,OBS,AST,ACP,AUR,AUR,NAL,ACG,OBS,OBS
AST,PRT,OBS,PRT,CBA,OBS,PRT,OBS,APV,OBS,CBT,AUR,ACG
OBS,OBS,NAL,OBS,OBS,NAL,NAL,AUR,OBS,NAL,SCL,OBS,PRT
PRT,PRT,OBS,PRT,APV,OBS,OBS,OBS,AUR,ECA,PRT,PRT,ACG
NAL,OBS,NAL,OBS,OBS,ACE,ACG,NAL,OBS,NAL,CBT,ACA,OBS
OBS,PRT,OBS,PRT,ACP,AST,OBS,OBS,PRT,SCL,SCL,PRT,ACA
ACE,AUR,CBA,OBS,OBS,NAL ,ACG,AUR,AST,APV,ACG,OBS,OBS
PRT,OBS,OBS,APV,LIT,AST,OBS,OBS,OBS,OBS,CBT,AST,ACA
CBA,PRT,CBA,OBS,OBS,OBS,PRT,AUR,AUR,SCL,OBS,AUR,OBS
OBS,OBS,NAL,NAL,,NAL,ECA,OBS,OBS,OBS,SCL,OBS,ACP
PRT,PRT,OBS,OBS,,OBS,ACP,AUR,CBA,SCL,ACG,ACD,ACA
ACG,AUR,APV,SCL,,NAL,NAL,OBS,OBS,APV,CBT,PRT,LIT
OBS,PRT,OBS,OBS,,OBS,OBS,AUR,AUR,NAL,SCL,ACE,OBS
AST,OBS,APV,ACG,,NAL,SCL,OBS,OBS,SCL,AUR,OBS,ACP
OBS,ACP,OBS,OBS,,OBS,OBS,AUR,PRT,NAL,CBT,PRT,OBS
AST,LIT,APV,ECA,,PRT,ACE,NAL,OBS,SCL,SCL,OBS,ACP
APV,OBS,OBS,CBA,,NAL,NAL,OBS,ACA,PRT,AUR,AUR,NAL
OBS,ACP,AUR,NAL,,OBS,OBS,AUR,OBS,OBS,PRT,OBS,OBS
ACE,ACA,OBS,OBS,,NAL,NAL,OBS,ACA,PRT,CBT,APV,ACE
OBS,ACP,NAL,NAL,,OBS,OBS,AUR,OBS,NAL,SCL,OBS,NAL
PRT,OBS,OBS,OBS,OBS,NAL,NAL,OBS,AST,OBS,PRT,LCD,OBS
OBS,ACP,CBA,NAL,ACE,OBS,OBS,AST,OBS,SCL,CBT,OBS,ACG
ACG,PRT,OBS,OBS,OBS,AUR,CBT,OBS,SAC,OBS,SCL,LCD,ACP
SCL,OBS,CBA,NAL,CBA,OBS,NAL,ACA,OBS,SCL,PRT,ACE,ACG
AST,ACG,OBS,OBS,OBS,NAL,OBS,OBS,CBA,ACG,CBT,PRT,OBS
OBS,PRT,CBA,SCL,AST,OBS,NAL,ACA,OBS,SCL,SCL,OBS,ACP
NAL,OBS,NAL,OBS,OBS,SAC,OBS,OBS,PRT,ACG,PRT,NAL,LIT
AST,PRT,OBS,NAL,AST,NAL,NAL,ACA,OBS,AUR,CBT,AUR,OBS
PRT,ACG,PRT,OBS,OBS,OBS,OBS,OBS,AST,SCL,SCL,PRT,EMA
AST,PRT,OBS,SCL,AST,NAL,CBT,ACA,OBS,AUR,APV,OBS,ACD
APV,ACA,LIT,OBS,OBS,OBS,NAL,OBS,AST,NAL,CBT,APV,OBS
PRT,OBS,OBS,SCL,AST,NAL,OBS,ACA,,SCL,OBS,OBS,ACP
APV,ACP,CBA,OBS,OBS,OBS,LIT,ACP,,AUR,SCL,APV,ACG
AST,OBS,OBS,SCL,ACP,AST,NAL,OBS,,OBS,ACP,OBS,ACP
PRT,PRT,NAL,OBS,OBS,NAL,CBA,PRT,,NAL,CBT,APV,OBS
AST,OBS,OBS,SCL,ACP,OBS,OBS,OBS,,OBS,SCL,OBS,ACP
APV,CBT,NAL,OBS,OBS,NAL,NAL,AUR,,NAL,AUR,,OBS
AUR,OBS,OBS,SCL,ACP,OBS,OBS,AST,,AUR,CBT,LIT,ACG
PRT,PRT,NAL,OBS,OBS,ACD,NAL,ACP,,SCL,SCL,OBS,ACD
OBS,OBS,OBS,SCL,ACP,OBS,APV,OBS,,ACG,OBS,LIT,OBS
PRT,AST,PRT,LCD,OBS,ACD,AUR,ACP,,OBS,SCL,ACA,AST
OBS,OBS,NAL,OBS,ACP,NAL,APV,ACG,,NAL,AUR,ACP,OBS
ACP,PRT,OBS,NAL,OBS,OBS,OBS,OBS,OBS,SCL,ACD,OBS,AST
OBS,ACG,PRT,OBS,ACP,NAL,NAL,ACG,AST,NAL,AST,PRT,OBS
ACP,PRT,NAL,SCL,OBS,OBS,OBS,OBS,OBS,SCL,CBT,AST,AST
OBS,OBS,OBS,OBS,ACP,NAL,APV,ACG,AST,ACP,SCL,OBS,OBS
PRT,ACP,AUR,PRT,OBS,OBS,NAL,OBS,OBS,OBS,AUR,NAL,AST
NAL,LIT,OBS,NAL,ACP,NAL,OBS,AUR,AST,ACP,CBT,AUR,ACD
OBS,OBS,ACP,APV,OBS,OBS,AST,OBS,OBS,SCL,SCL,OBS,AST
ACG,AST,OBS,NAL,ACA,CBA,OBS,AST,SCL,AST,ACG,AST,OBS
OBS,OBS,ACP,APV,OBS,NAL,ACD,AUR,ACG,OBS,OBS,OBS,AST
PRT,ACG,OBS,NAL,AUR,OBS,AST,OBS,OBS,SCL,CBT,AST,OBS
OBS,ACP,ACP,OBS,OBS,NAL,NAL,AUR,CBA,AST,SCL,OBS,ACP
NAL,OBS,OBS,SCL,AUR,OBS,OBS,OBS,OBS,NAL,AST,AST,ACA
OBS,ACG,PRT,OBS,OBS,ACE,ACD,AUR,AUR,OBS,CBT,LCD,OBS
PRT,PRT,OBS,NAL,AUR,AST,OBS,OBS,OBS,SCL,OBS,OBS,ACA
OBS,AST,PRT,OBS,OBS,NAL,PRT,AUR,ECA,AST,SCL,LCD,OBS
PRT,PRT,OBS,PRT,CBA,OBS,NAL,OBS,OBS,SCL,AST,ACD,ACP
OBS,AST,NAL,OBS,OBS,ACE,OBS,ECA,ECA,AUR,CBT,AST,ACA
ACA,AUR,OBS,PRT,ACP,AST,NAL,AUR,OBS,NAL,SCL,OBS,OBS
OBS,OBS,NAL,OBS,OBS,OBS,AST,OBS,ECA,SCL,AUR,LCD,ACA
ACP,ACG,AUR,NAL,ACP,ACG,NAL,AUR,OBS,AUR,ACA,OBS,ACG
OBS,AST,OBS,OBS,OBS,ACE,OBS,OBS,CBA,SCL,OBS,LCD,OBS
PRT,PRT,AUR,SCL,ACP,NAL,CBT,AUR,OBS,OBS,ACA,AST,ACG
OBS,OBS,NAL,OBS,OBS,OBS,NAL,OBS,AUR,NAL,,OBS,AST
PRT,ACG,OBS,SCL,ACP,NAL,OBS,AUR,OBS,AUR,,AST,OBS
OBS,PRT,NAL,OBS,OBS,OBS,SAC,OBS,ACA,NAL,,AUR,AST
PRT,OBS,OBS,ACP,ACP,NAL,OBS,AUR,OBS,OBS,,OBS,OBS
OBS,ACG,ACP,NAL,OBS,OBS,ECA,OBS,ACP,NAL,,ACD,AST
LIT,PRT,NAL,OBS,ACP,NAL,PRT,AUR,OBS,OBS,,AST,OBS
OBS,OBS,OBS,NAL,OBS,OBS,OBS,OBS,AST,SCL,,LCD,AST
SAC,PRT,AUR,OBS,ACP,AUR,NAL,ACP,OBS,AUR,,AST,PRT
OBS,ACP,OBS,AST,CBA,OBS,OBS,OBS,AST,AST,,OBS,OBS
ACP,OBS,ACP,OBS,OBS,ACG,ECA,SCL,OBS,SCL,,AUR,ACP
OBS,ACE,OBS,ACP,AUR,NAL,PRT,OBS,ACA,AST,,AST,ACG
ACG,PRT,NAL,OBS,OBS,OBS,OBS,AUR,OBS,SCL,CBT,PRT,ACE
ACP,OBS,OBS,NAL,NAL,NAL,PRT,OBS,AUR,AST,SCL,OBS,PRT
ACG,ACE,AUR,OBS,OBS,OBS,NAL,AUR,OBS,OBS,ACA,LIT,OBS
OBS,PRT,OBS,NAL,AUR,SAC,OBS,OBS,AST,ACE,CBT,ACA,PRT
NAL,ACG,NAL,OBS,OBS,OBS,PRT,AUR,OBS,SCL,SCL,ACP,ACE
OBS,PRT,OBS,PRT,ACD,AUR,OBS,OBS,SAC,ACG,PRT,ACG,OBS
PRT,OBS,NAL,SCL,OBS,OBS,ECA,AUR,OBS,OBS,CBT,AST,ACE
OBS,PRT,APV,NAL,SCL,NAL,PRT,OBS,APV,ECA,OBS,ACD,OBS
PRT,ACG,OBS,OBS,OBS,OBS,OBS,AUR,OBS,ACG,CBT,OBS,ACE
AST,PRT,APV,NAL,SCL,NAL,ECA,OBS,SCL,ACA,SCL,AUR,OBS
APV,OBS,OBS,OBS,OBS,OBS,PRT,AUR,PRT,ACD,OBS,OBS,AST
OBS,ACD,APV,ACP,SCL,ACP,OBS,OBS,OBS,OBS,SCL,ACE,OBS
ACD,PRT,OBS,OBS,OBS,NAL,LIT,AUR,PRT,NAL,ACD,ACD,ACP
OBS,OBS,NAL,ACD,SCL,ACP,OBS,OBS,OBS,OBS,AST,AST,ACG
ACP,ACG,AUR,OBS,OBS,NAL,NAL,AUR,AST,AST,CBT,EMA,OBS
ACG,PRT,OBS,ACD,SCL,OBS,OBS,OBS,OBS,OBS,SCL,LCD,ECA
NAL,AST,SAC,SCL,OBS,ACG,ACA,AST,CBA,NAL,AUR,AST,AST
OBS,OBS,OBS,ACD,ACD,NAL,NAL,AUR,OBS,AUR,CBT,AUR,OBS
ACG,ACE,CBA,OBS,OBS,OBS,ACA,OBS,ACP,NAL,SCL,OBS,AST
OBS,ACG,NAL,ACD,NAL,NAL,OBS,LCD,NAL,OBS,AUR,AST,OBS
ACG,ACD,OBS,OBS,OBS,OBS,NAL,AUR,OBS,SCL,CBT,PRT,AST
OBS,ACA,LIT,ACD,ACD,NAL,OBS,OBS,NAL,OBS,OBS,OBS,OBS
ACE,ACG,OBS,OBS,OBS,AUR,PRT,AUR,OBS,SCL,SCL,NAL,AST
OBS,PRT,LIT,ACD,ACD,NAL,OBS,OBS,NAL,AST,AST,PRT,OBS
PRT,OBS,OBS,OBS,OBS,OBS,PRT,AST,OBS,NAL,CBT,AST,AST
AST,ACP,LIT,ACD,NAL,AUR,OBS,AUR,CBA,OBS,OBS,AUR,OBS
APV,OBS,OBS,OBS,OBS,OBS,PRT,OBS,OBS,NAL,SCL,OBS,AST
SCL,PRT,LIT,ACD,NAL,AUR,NAL,AST,AUR,OBS,AST,AST,OBS
AST,OBS,OBS,OBS,OBS,OBS,OBS,AUR,OBS,AST,CBT,OBS,LCD
OBS,ACE,LIT,ACD,NAL,NAL,LIT,OBS,AST,NAL,OBS,AST,ACD
ACG,OBS,OBS,OBS,OBS,AUR,NAL,ACG,OBS,OBS,CBA,LCD,AST
OBS,PRT,LIT,ACD,AST,OBS,OBS,AST,AUR,ACD,OBS,AUR,APV
PRT,OBS,OBS,OBS,OBS,AST,NAL,AUR,OBS,SCL,CBT,OBS,AUR
OBS,PRT,AUR,ACD,AST,OBS,OBS,OBS,ACG,ACD,OBS,EMA,OBS
AST,OBS,OBS,OBS,OBS,ACP,ACA,SCL,ACP,AST,SCL,PRT,AUR
OBS,PRT,APV,NAL,AST,OBS,OBS,AUR,ACA,NAL,ACG,APV,PRT
ACG,OBS,OBS,OBS,OBS,NAL,NAL,OBS,OBS,OBS,CBT,LIT,APV
OBS,CBA,APV,NAL,AST,OBS,OBS,AUR,ACP,SCL,OBS,OBS,OBS
ACG,OBS,OBS,OBS,OBS,LIT,ACD,OBS,OBS,AST,SCL,LIT,ACD
OBS,CBA,APV,AUR,AST,OBS,OBS,AST,AUR,OBS,OBS,ACA,AUR
ACE,OBS,AUR,OBS,OBS,NAL,ACE,AUR,OBS,SCL,SCL,ACP,APV
OBS,ACP,OBS,AST,AST,OBS,PRT,OBS,ACG,AST,ACG,ACG,PRT
AST,ACG,NAL,OBS,OBS,AUR,ACE,AUR,NAL,OBS,OBS,OBS,OBS
OBS,OBS,OBS,AST,AST,NAL,PRT,OBS,OBS,SCL,SCL,ACD,AUR
AST,PRT,ACP,OBS,OBS,OBS,CBT,ACG,ACE,AST,AST,AST,OBS
OBS,OBS,OBS,NAL,AST,ACG,LIT,AUR,OBS,LCD,OBS,OBS,AUR
ACG,ACP,AUR,OBS,OBS,ACE,OBS,OBS,AST,OBS,CBA,NAL,ACE
ACP,PRT,OBS,APV,AST,NAL,PRT,AUR,OBS,NAL,ACE,AST,APV
PRT,OBS,ACP,OBS,OBS,OBS,NAL,OBS,AST,AUR,OBS,AUR,ACD
OBS,ACG,ECA,APV,AST,NAL,PRT,AUR,OBS,OBS,ECA,OBS,AST
NAL,ACD,OBS,OBS,OBS,OBS,NAL,OBS,AUR,SCL,OBS,PRT,PRT
OBS,PRT,ACP,APV,AST,NAL,OBS,AUR,OBS,AST,NAL,APV,ACP
AST,OBS,OBS,OBS,OBS,OBS,ACD,OBS,AUR,NAL,OBS,AST,ACG
OBS,ACG,ECA,NAL,AST,NAL,OBS,AUR,OBS,OBS,NAL,AUR,ACP
NAL,ACE,OBS,OBS,OBS,OBS,ACD,OBS,ACG,NAL,ACG,OBS,ACG
ACG,PRT,AUR,AUR,ACG,AUR,NAL,AUR,OBS,OBS,OBS,AUR,ACA
OBS,ACE,OBS,OBS,OBS,OBS,OBS,OBS,AUR,SCL,ACG,NAL,LIT
ACG,PRT,ACG,AUR,ACG,ACG,NAL,AUR,OBS,LIT,AST,AUR,OBS
OBS,AST,OBS,OBS,OBS,NAL,AST,OBS,APV,OBS,OBS,OBS,NAL
ACG,ACE,AST,NAL,ACG,OBS,NAL,AUR,OBS,LIT,ACG,AUR,ACA
ACE,PRT,OBS,OBS,OBS,NAL,AST,OBS,APV,OBS,OBS,OBS,OBS
OBS,AST,AST,CBA,ACG,SCL,NAL,AUR,NAL,NAL,NAL,NAL,APV
ACD,PRT,OBS,OBS,OBS,OBS,OBS,OBS,OBS,SCL,OBS,ACD,OBS
PRT,ACG,AST,AST,ACG,NAL,ACG,LCD,NAL,NAL,EMA,AST,PRT
AST,OBS,OBS,OBS,OBS,CBA,ACE,OBS,OBS,SCL,OBS,OBS,OBS
APV,PRT,ACG,NAL,ACG,NAL,PRT,CBA,AUR,AST,EMA,LCD,PRT
OBS,ACG,OBS,OBS,OBS,SCL,ACE,SCL,OBS,NAL,OBS,AST,OBS
AUR,PRT,ACP,NAL,ACG,OBS,PRT,AUR,AUR,OBS,PRT,LCD,AST
OBS,ACG,NAL,SCL,OBS,NAL,ACE,OBS,OBS,SCL,OBS,OBS,OBS
AUR,PRT,OBS,OBS,ACG,SCL,OBS,LCD,NAL,OBS,PRT,NAL,AST
OBS,OBS,APV,SCL,OBS,NAL,AUR,ECA,AUR,NAL,OBS,OBS,OBS
AUR,ACG,OBS,OBS,ACG,SCL,OBS,OBS,OBS,OBS,ECA,LIT,AST
OBS,PRT,NAL,ACA,OBS,OBS,ACG,NAL,AUR,NAL,NAL,OBS,AUR
PRT,ACD,CBA,OBS,ACG,NAL,NAL,LCD,OBS,APV,OBS,LIT,AST
OBS,OBS,NAL,NAL,OBS,OBS,ACG,OBS,AUR,OBS,ACP,ACA,OBS
PRT,PRT,AUR,OBS,ACG,NAL,ACD,LCD,OBS,APV,OBS,OBS,APV
AST,OBS,OBS,ACP,OBS,OBS,AST,OBS,,OBS,ECA,ACA,OBS
APV,ACG,AST,OBS,ACG,NAL,ACG,LCD,,NAL,OBS,OBS,APV
OBS,PRT,OBS,NAL,,OBS,APV,OBS,,OBS,ACD,AUR,OBS
ACG,ACG,ACD,OBS,,NAL,NAL,LCD,,NAL,AST,OBS,PRT
OBS,PRT,AST,APV,,OBS,OBS,OBS,,SCL,NAL,AST,OBS
AUR,OBS,NAL,OBS,,NAL,NAL,AUR,,PRT,OBS,OBS,ACD
ACP,ACG,OBS,LCD,,AUR,OBS,OBS,,OBS,NAL,LCD,OBS
PRT,AST,ACG,OBS,,OBS,APV,AUR,,AST,,OBS,ACD
CBA,OBS,OBS,LCD,,AUR,LCD,OBS,,NAL,,NAL,OBS
PRT,ACG,NAL,OBS,,NAL,ACG,AUR,,ACP,,APV,APV
OBS,PRT,OBS,PRT,,OBS,ACD,OBS,,NAL,,AUR,PRT
LIT,OBS,AST,NAL,,AUR,OBS,LCD,OBS,OBS,,OBS,APV
PRT,PRT,OBS,OBS,,OBS,AUR,OBS,ECA,NAL,,AUR,PRT
OBS,AST,ACE,PRT,OBS,ACD,NAL,AUR,NAL,SCL,,OBS,ACD
PRT,PRT,OBS,OBS,ACE,OBS,ACG,OBS,OBS,ACG,,NAL,OBS
NAL,AST,ACP,ACG,OBS,AST,NAL,AUR,AST,OBS,,OBS,PRT
AST,PRT,OBS,ACP,CBA,OBS,AST,OBS,OBS,SCL,,AST,ACE
APV,AST,ECA,OBS,OBS,AST,ACG,AUR,NAL,ACG,,OBS,APV
OBS,OBS,OBS,APV,AST,OBS,PRT,OBS,OBS,AST,ACP,PRT,OBS
ACG,ACG,ACP,OBS,OBS,NAL,AST,AUR,CBA,SCL,ACA,OBS,APV
ACP,ACE,ECA,APV,AST,OBS,ACG,OBS,OBS,ACD,OBS,ACP,OBS
OBS,PRT,OBS,OBS,OBS,ACE,AST,LCD,ECA,AST,SCL,OBS,APV
NAL,OBS,AUR,NAL,AST,OBS,ACD,ECA,OBS,NAL,ACG,ACA,OBS
PRT,ACG,OBS,LCD,OBS,PRT,NAL,AUR,AUR,OBS,OBS,OBS,APV
OBS,ACE,ACP,NAL,AST,APV,QAPV,OBS,OBS,SCL,ACG,LCD,OBS
NAL,PRT,ACG,OBS,OBS,OBS,AUR,AUR,AUR,AST,AUR,OBS,APV
PRT,OBS,OBS,NAL,ACP,AUR,OBS,OBS,OBS,NAL,OBS,LCD,OBS
OBS,PRT,AST,OBS,OBS,OBS,AUR,AUR,CBA,OBS,NAL,OBS,ACG
ACA,OBS,OBS,PRT,ACP,PRT,PRT,OBS,OBS,ACE,OBS,LCD,OBS
PRT,ACG,AST,OBS,OBS,APV,ACG,AUR,AUR,NAL,SAC,OBS,SCL
OBS,PRT,OBS,PRT,ACP,OBS,AST,OBS,OBS,OBS,PRT,NAL,ACP
PRT,OBS,AST,OBS,OBS,AUR,NAL,SCL,APV,NAL,OBS,AUR,OBS
OBS,PRT,OBS,ACP,ACP,OBS,APV,AUR,OBS,OBS,SCL,OBS,PRT
PRT,OBS,AST,OBS,OBS,AUR,NAL,OBS,AUR,ACE,OBS,APV,ACG
OBS,ACG,OBS,ACG,ACP,OBS,APV,AUR,OBS,OBS,SCL,OBS,ACP
PRT,PRT,AST,OBS,OBS,APV,AUR,OBS,AUR,LCD,PRT,APV,APV
OBS,OBS,OBS,ACG,ACP,OBS,OBS,AUR,OBS,LIT,OBS,OBS,OBS
ACG,PRT,AST,OBS,OBS,SAC,APV,OBS,ACD,OBS,AST,NAL,ACG
OBS,OBS,OBS,PRT,ACP,OBS,AUR,AUR,AUR,NAL,APV,LCD,OBS
ACG,ACG,ACG,OBS,OBS,AST,OBS,OBS,OBS,OBS,OBS,OBS,LIT
OBS,ACE,OBS,PRT,ACP,ACP,NAL,AUR,ACE,NAL,EMA,NAL,OBS
ACP,OBS,ACG,OBS,OBS,NAL,ECA,OBS,OBS,AUR,OBS,ACA,CBA
OBS,PRT,PRT,PRT,ACA,OBS,ACG,AUR,AUR,OBS,EMA,OBS,OBS
CBA,OBS,OBS,OBS,OBS,,AST,OBS,OBS,ACP,OBS,ACP,ACP
OBS,ACG,NAL,APV,AUR,,LCD,AUR,AUR,ACG,EMA,ACG,LIT
PRT,OBS,PRT,OBS,OBS,,ECA,OBS,OBS,OBS,OBS,OBS,OBS
OBS,PRT,NAL,NAL,AUR,,AST,NAL,APV,AUR,EMA,NAL,LIT
AST,OBS,OBS,OBS,OBS,,OBS,AUR,OBS,OBS,OBS,APV,OBS
APV,ACG,AUR,SCL,AUR,,AUR,OBS,SAC,LIT,NAL,OBS,ACG
OBS,OBS,NAL,OBS,OBS,,NAL,AUR,OBS,PRT,PRT,NAL,OBS
PRT,ACG,OBS,ACG,CBA,,ACG,OBS,AUR,OBS,OBS,APV,ACG
SCL,ACE,LCD,OBS,OBS,,ACD,AUR,OBS,LIT,PRT,OBS,ACP
PRT,PRT,OBS,ECA,ACP,,AST,OBS,CBA,OBS,LIT,APV,OBS
OBS,OBS,AUR,CBA,OBS,,NAL,LCD,OBS,PRT,OBS,OBS,ACG
PRT,AST,NAL,NAL,ACP,,ACG,ECA,ACG,ACA,NAL,NAL,OBS
OBS,OBS,OBS,OBS,OBS,,AST,OBS,ACP,AUR,AST,AST,ACP
SAC,AST,NAL,NAL,ACP,,APV,LCD,OBS,LIT,PRT,OBS,ACG
OBS,OBS,AST,OBS,OBS,,AUR,AUR,NAL,AUR,AUR,AST,OBS
ACP,PRT,OBS,NAL,ACP,,OBS,OBS,PRT,OBS,OBS,APV,ACP
OBS,OBS,ECA,OBS,OBS,,AUR,SCL,OBS,ACP,AST,OBS,ACG
ACD,PRT,OBS,NAL,ACP,,ACG,AUR,ACG,ACA,OBS,APV,ACA
OBS,ACG,ACP,OBS,OBS,,AST,OBS,ACP,OBS,ACG,OBS,LIT
ACP,PRT,ECA,SCL,ACP,,PRT,AUR,OBS,SCL,OBS,APV,ACG
OBS,OBS,OBS,OBS,OBS,,NAL,OBS,ACD,ACG,ACG,OBS,OBS
ACP,PRT,AUR,NAL,ACP,,AST,ECA,ACE,OBS,OBS,NAL,PRT
OBS,OBS,OBS,OBS,CBA,,NAL,AUR,OBS,SCL,ACG,AUR,APV
NAL,ACG,ACP,SCL,OBS,,PRT,OBS,AUR,ACD,OBS,APV,OBS
OBS,OBS,ACG,OBS,AUR,,NAL,NAL,OBS,OBS,ACD,OBS,ACE
CBA,PRT,OBS,SCL,OBS,,OBS,ACG,AUR,SCL,OBS,NAL,PRT
OBS,OBS,AST,OBS,NAL,,AUR,AUR,OBS,AST,ACD,OBS,OBS
NAL,PRT,OBS,SCL,OBS,,OBS,OBS,AUR,ACE,AST,ACA,AUR
OBS,OBS,AST,OBS,AUR,,AUR,NAL,ACP,PRT,OBS,OBS,ACA
AST,PRT,OBS,SCL,OBS,,ACG,AUR,OBS,OBS,AST,ACA,OBS
AUR,OBS,AST,OBS,ACD,,AST,OBS,ACP,AST,ACD,OBS,ACE
OBS,ACG,OBS,SCL,OBS,,ACG,ACG,OBS,OBS,OBS,PRT,PRT
AUR,ACE,AST,OBS,SCL,,AST,OBS,ACP,ACE,PRT,OBS,OBS
NAL,PRT,OBS,SCL,OBS,,ECA,ACG,OBS,OBS,APV,PRT,AST
OBS,ACG,AST,LCD,SCL,,AST,OBS,PRT,ACG,OBS,APV,OBS
ACE,PRT,OBS,OBS,OBS,,ACG,AST,OBS,OBS,APV,OBS,ACE
ACG,ACP,AST,NAL,SCL,,AST,AUR,NAL,NAL,OBS,APV,PRT
PRT,ACG,OBS,OBS,OBS,,APV,NAL,ACE,ACE,AST,OBS,OBS
OBS,PRT,ACG,SCL,SCL,,AUR,OBS,PRT,PRT,ACD,APV,PRT
ACG,OBS,OBS,OBS,OBS,,APV,AUR,NAL,OBS,ECA,OBS,AST
PRT,PRT,,PRT,SCL,,AUR,OBS,OBS,NAL,ACD,NAL,OBS
ACE,OBS,,NAL,OBS,,APV,AUR,PRT,AST,OBS,AUR,PRT
PRT,ACG,,APV,ACD,,OBS,SCL,APV,OBS,ECA,OBS,OBS
OBS,PRT,,NAL,OBS,,APV,AUR,NAL,PRT,LCD,NAL,ACE
ACG,OBS,,APV,NAL,,AUR,SCL,OBS,OBS,AST,ACG,ACD
ACE,ACG,,NAL,OBS,,OBS,OBS,APV,NAL,PRT,OBS,PRT
PRT,PRT,,OBS,ACD,,NAL,SCL,OBS,PRT,APV,ACG,OBS
AST,OBS,,SCL,OBS,,ECA,AUR,AST,AST,OBS,OBS,AST
OBS,PRT,,OBS,ACD,,PRT,OBS,OBS,OBS,NAL,ACA,OBS
AST,AST,,NAL,OBS,,OBS,AUR,AST,NAL,OBS,OBS,AST
OBS,OBS,,OBS,NAL,,APV,OBS,OBS,ACA,NAL,ACP,OBS
SAC,ACE,,PRT,OBS,,NAL,AUR,AST,OBS,,OBS,PRT
OBS,PRT,,ACP,NAL,,APV,OBS,OBS,NAL,,ACP,ACG
AUR,AST,,OBS,OBS,,NAL,SCL,SAC,LIT,,ACG,ACP
OBS,OBS,,ACD,NAL,,APV,AUR,AUR,AUR,,OBS,OBS
PRT,ACG,,OBS,OBS,,NAL,OBS,OBS,LIT,,ACG,SAC
OBS,PRT,,ACD,AST,,APV,SCL,,AUR,,OBS,OBS
PRT,OBS,,SCL,OBS,,OBS,AUR,,OBS,,ACG,ACE
OBS,ACG,,ACD,AST,,PRT,OBS,,PRT,,OBS,PRT
ACG,OBS,,OBS,OBS,,OBS,AUR,,ACE,,NAL,OBS
ACE,AST,,ACD,AST,,ECA,OBS,,OBS,,ACA,PRT
OBS,PRT,,OBS,OBS,,AUR,ACG,,PRT,,PRT,OBS
ACP,OBS,,ACD,AST,,OBS,AUR,,OBS,ACE,OBS,PRT
AUR,PRT,,OBS,OBS,,LCD,OBS,,AUR,PRT,PRT,OBS
AST,AST,,ACD,AST,,ACG,ACG,,OBS,OBS,OBS,APV
APV,OBS,,OBS,OBS,,ECA,AUR,,LIT,ACG,ACA,OBS
PRT,ACG,,ACD,AST,,OBS,OBS,,CBA,OBS,OBS,APV
OBS,PRT,,OBS,OBS,,AST,AUR,OBS,PRT,ECA,ACG,OBS
AST,OBS,,ACD,AST,,APV,OBS,CBA,OBS,NAL,ACP,APV
PRT,ACG,,OBS,OBS,,NAL,AUR,AUR,NAL,ACG,PRT,OBS
AST,OBS,,ACD,AST,,AST,OBS,ACG,ACE,AUR,OBS,ACE
APV,AST,,OBS,OBS,,OBS,AUR,OBS,OBS,SCL,LIT,PRT
OBS,PRT,,ACD,AST,,AST,OBS,AST,AST,OBS,ACA,ACE
AST,OBS,,OBS,OBS,,APV,ACD,OBS,OBS,ACG,ACP,PRT
APV,PRT,,ACD,AST,,AUR,AUR,AST,AST,OBS,ACA,OBS
NAL,AST,,OBS,OBS,,OBS,OBS,OBS,OBS,PRT,ACP,ACP
OBS,OBS,,NAL,AST,,NAL,AUR,AUR,AST,ACE,OBS,OBS
SAC,PRT,,OBS,OBS,,OBS,AST,OBS,OBS,PRT,ACP,ACD
NAL,ACP,,NAL,AST,,AUR,OBS,ACA,AST,OBS,ACE,PRT
OBS,PRT,,OBS,OBS,,OBS,AUR,OBS,OBS,NAL,PRT,OBS
PRT,OBS,,AUR,ACG,,AUR,OBS,AST,AST,ACD,OBS,APV
OBS,ACA,,OBS,OBS,,ACG,LCD,OBS,PRT,OBS,NAL,OBS
AUR,OBS,,AST,ACG,,ECA,ECA,PRT,OBS,PRT,AUR,APV
OBS,ACA,,OBS,OBS,,AST,AUR,OBS,ACP,OBS,PRT,SCL
PRT,PRT,,AST,ACG,,NAL,OBS,ACP,PRT,PRT,OBS,OBS
OBS,OBS,,OBS,OBS,,AST,LCD,OBS,ACA,ACE,NAL,ACE
PRT,OBS,,NAL,ACG,,NAL,ECA,SAC,OBS,ACG,PRT,OBS
OBS,ACG,,OBS,OBS,,AST,ACG,OBS,PRT,ACA,ACD,ACE
AST,ACD,,APV,ACG,,NAL,OBS,ACG,OBS,OBS,PRT,OBS
OBS,PRT,,OBS,OBS,,OBS,ACG,OBS,PRT,NAL,OBS,ACP
ACP,OBS,,APV,ACG,,ACD,NAL,CBA,AST,PRT,LCD,OBS
ACG,ACG,,OBS,OBS,,APV,ACG,OBS,OBS,OBS,ACD,ACP
OBS,ACE,,APV,ACG,,OBS,SCL,CBA,NAL,PRT,OBS,OBS
ACA,PRT,,OBS,OBS,,APV,OBS,OBS,AST,OBS,ACD,LIT
PRT,ACE,,NAL,ACG,,OBS,ACG,AUR,OBS,NAL,APV,OBS
OBS,PRT,,OBS,OBS,,APV,NAL,OBS,ACG,AUR,OBS,LIT
ACP,AST,,AUR,ACG,,OBS,ACG,AST,OBS,NAL,ACD,OBS
OBS,ACE,,OBS,OBS,,APV,OBS,APV,ACG,AUR,PRT,LIT
PRT,PRT,,AUR,ACG,,OBS,NAL,OBS,ACP,OBS,ACE,OBS
OBS,AST,,OBS,OBS,,NAL,ACG,APV,ACA,AUR,LCD,LIT
ACP,PRT,,AUR,ACG,,PRT,OBS,AST,LIT,ECA,PRT,OBS
PRT,ACG,,NAL,OBS,,OBS,NAL,OBS,OBS,AUR,OBS,ACP
ACP,OBS,,OBS,ACG,,PRT,OBS,APV,LIT,OBS,AUR,OBS
PRT,PRT,,CBA,,,OBS,NAL,OBS,,ECA,OBS,PRT
OBS,ACG,,OBS,,,ECA,ACG,APV,,OBS,PRT,APV
PRT,PRT,,LIT,,,ACP,OBS,OBS,,ECA,ACE,OBS
NAL,ACG,,OBS,,,OBS,ACG,APV,,OBS,OBS,APV
OBS,PRT,,SCL,,,ACG,OBS,OBS,,ECA,LCD,OBS
ACG,OBS,,NAL,,,OBS,NAL,APV,,OBS,AUR,PRT
PRT,ACG,,OBS,,,NAL,ACG,OBS,,AST,OBS,ACD
OBS,PRT,,NAL,,,OBS,OBS,APV,,PRT,PRT,AUR
PRT,ACD,,SCL,,,PRT,NAL,OBS,,OBS,OBS,OBS
OBS,OBS,,NAL,,,NAL,ACG,APV,,ECA,ACD,ACE
PRT,PRT,,OBS,,,OBS,OBS,OBS,,OBS,PRT,ACG
OBS,OBS,,NAL,,,ACP,NAL,APV,AST,EMA,OBS,OBS
PRT,ACG,,ACP,,,NAL,ACG,OBS,APV,NAL,AUR,LCD
ACP,PRT,,OBS,,,OBS,OBS,PRT,OBS,,OBS,OBS
OBS,ACG,,ACP,,,ACA,AUR,OBS,PRT,,PRT,PRT
AST,PRT,,NAL,,,NAL,ACG,NAL,AST,,ACA,LCD
APV,OBS,,SCL,,,LCD,SCL,OBS,OBS,,OBS,OBS
AUR,ACG,,NAL,,,NAL,ACG,NAL,ACP,,ACA,SCL
OBS,AST,,SCL,,,OBS,OBS,AUR,OBS,,PRT,OBS
AST,OBS,,NAL,,,NAL,NAL,OBS,ACA,,ACE,ACG
APV,ACG,,AST,,,OBS,ACG,AUR,OBS,,OBS,ACP
OBS,PRT,,NAL,,,PRT,NAL,OBS,ACE,,ACE,ACG
PRT,OBS,,OBS,,,NAL,ACG,ACG,AST,,OBS,OBS
OBS,PRT,,ACP,,,OBS,OBS,OBS,OBS,,PRT,ACP
SAC,AST,,APV,,,PRT,NAL,AUR,AST,APV,OBS,ACG
OBS,PRT,,OBS,,,NAL,ACG,OBS,OBS,OBS,AUR,OBS
NAL,AST,,SCL,,,OBS,OBS,NAL,AST,ECA,OBS,ACG
OBS,PRT,,NAL,,,ACP,NAL,OBS,OBS,OBS,PRT,OBS
PRT,AST,,CBT,,,ACE,ACG,AUR,AST,ECA,LCD,ACG
OBS,OBS,,SCL,,,OBS,OBS,OBS,OBS,OBS,AUR,OBS
PRT,ACG,,CBT,,,ACE,ACG,,AST,PRT,OBS,ACG
OBS,ACE,,APV,,,PRT,NAL,,OBS,OBS,PRT,OBS
PRT,OBS,,OBS,,,OBS,SCL,,PRT,ACG,ACD,ACA
OBS,PRT,,NAL,,,PRT,ACG,,OBS,OBS,OBS,OBS
PRT,OBS,,OBS,,,OBS,OBS,,CBA,ECA,LCD,ACD
OBS,PRT,,NAL,,,AUR,ACP,,OBS,OBS,PRT,OBS
ACG,OBS,,OBS,,,OBS,ACG,,,ECA,ACD,ACP
OBS,PRT,,APV,,,AUR,OBS,,,OBS,PRT,OBS
ACG,OBS,,OBS,,,OBS,ACP,,,ECA,ACE,OBS
OBS,PRT,,AUR,,,AUR,SCL,,,OBS,PRT,PRT
ACP,OBS,,OBS,,,NAL,ACP,,,ECA,OBS,ACE
OBS,PRT,,AUR,,,OBS,OBS,,,OBS,ACD,OBS
CBA,OBS,,OBS,,,PRT,ACP,,,PRT,PRT,ACD
OBS,SCL,,,,,NAL,OBS,,,OBS,ACD,OBS
PRT,OBS,,,,,AUR,ACP,,,NAL,PRT,ACA
OBS,CBA,,,,,OBS,OBS,,,AUR,OBS,OBS
AST,OBS,,,,,AUR,ACP,,,AST,NAL,ACA
APV,PRT,,,,,AST,OBS,,OBS,AUR,APV,OBS
OBS,OBS,,,,,OBS,ACP,,AST,OBS,ACD,ACP
PRT,ACP,,,,,ACD,OBS,,OBS,ACG,APV,OBS
SCL,PRT,,,,,NAL,ACP,,AST,PRT,OBS,AUR
PRT,OBS,,,,,OBS,OBS,,OBS,AST,NAL,OBS
OBS,PRT,,,,,AUR,ACP,,AST,ECA,PRT,PRT
PRT,OBS,,,,,APV,OBS,,ACD,OBS,AUR,OBS
OBS,PRT,,,,,OBS,CBA,,OBS,ACG,OBS,ACG
SAC,OBS,,,,,ACG,AUR,,ACE,OBS,ACD,OBS
OBS,PRT,,,,,AST,OBS,,ACA,ECA,PRT,SCL
ACP,OBS,,,,,ECA,ACA,,OBS,OBS,OBS,OBS
OBS,PRT,,,,,AST,OBS,,ACG,PRT,PRT,LIT
ACD,OBS,,,,,ECA,ACP,,OBS,OBS,ACD,ACP
OBS,ACE,,,,,AST,OBS,,ACG,ACG,OBS,OBS
ACP,OBS,,,,,OBS,ACP,,ACD,OBS,OBS,PRT
OBS,PRT,,,,,AST,ACA,,OBS,AUR,NAL,ACE
ACP,OBS,,,,,AUR,OBS,,ACP,OBS,PRT,OBS
OBS,PRT,,,,,OBS,ACP,,ACD,ACG,OBS,PRT
NAL,OBS,,,,,PRT,OBS,,OBS,OBS,NAL,APV
OBS,PRT,,,,,NAL,ACA,,AST,ACG,ACA,OBS
CBA,OBS,,,,,PRT,OBS,,OBS,OBS,OBS,ACD
OBS,PRT,,,,,NAL,CBA,,AST,PRT,NAL,OBS
NAL,OBS,,,,,OBS,AUR,,OBS,OBS,OBS,ACE
OBS,ACG,,,,,ACA,OBS,,PRT,PRT,NAL,OBS
AST,OBS,,,,,LCD,ACA,,OBS,NAL,LCD,ACP
AUR,ACG,,,,,ACA,OBS,,CBT,PRT,PRT,ACG
OBS,OBS,,,,,NAL,ACA,,NAL,OBS,OBS,ACD
AUR,ACG,,,,,LCD,OBS,,ACG,ACD,PRT,ACE
NAL,OBS,,,,,NAL,NAL,,NAL,OBS,OBS,ACD
OBS,PRT,,,,,LCD,ACG,,ACG,ECA,NAL,OBS
ACE,OBS,,,,,NAL,OBS,,OBS,PRT,LCD,ACP
ACG,PRT,,,,,OBS,ACG,,ACG,OBS,OBS,OBS
PRT,OBS,,,,,ACA,OBS,,OBS,ACG,PRT,ACP
OBS,ACE,,,,,LCD,ACG,,NAL,NAL,OBS,OBS
ACG,PRT,,,,,ACA,OBS,,ACG,OBS,NAL,LCD
PRT,OBS,,,,,LCD,NAL,,OBS,SCL,ACP,PRT
ACE,ACG,,,,,OBS,ACG,,ACG,AST,OBS,OBS
PRT,OBS,,,,,AST,OBS,,OBS,OBS,NAL,PRT
OBS,ACE,,,,,ACD,NAL,,NAL,AST,OBS,ACD
ACG,ACD,,,,,AST,ACG,,SCL,OBS,NAL,PRT
ACE,ACE,,,,,ACD,OBS,,NAL,NAL,ACA,ACA
PRT,PRT,,,,,AST,ACG,,SCL,OBS,OBS,OBS
AST,OBS,,,,,OBS,OBS,,NAL,ECA,PRT,OBS
OBS,PRT,,,,,LCD,NAL,,ACG,AUR,OBS,APV
AST,OBS,,,,,AST,ACG,,OBS,OBS,ACE,OBS
OBS,PRT,,,,,PRT,OBS,,ACG,PRT,OBS,ACG
SAC,OBS,,,,,NAL,ACG,,OBS,OBS,NAL,OBS
OBS,PRT,,,,,PRT,OBS,,ACG,ECA,OBS,APV
AUR,OBS,,,,,OBS,NAL,,OBS,OBS,AUR,ACA
OBS,PRT,,,,,NAL,ACG,,ACG,APV,OBS,OBS
PRT,OBS,,,,,PRT,OBS,,PRT,PRT,AUR,ACE
OBS,PRT,,,,,ECA,ACG,,OBS,OBS,OBS,OBS
PRT,AST,,,,,AST,OBS,,ACG,APV,NAL,ACE
OBS,OBS,,,,,PRT,NAL,,OBS,OBS,AUR,OBS
ACG,PRT,,,,,OBS,ACG,,ACG,ECA,EMA,ACE
ACE,ACE,,,,,PRT,OBS,,OBS,NAL,LCD,OBS
OBS,OBS,,,,,OBS,SCL,,ACG,ACG,EMA,ACE
ACP,ACE,,,,,AST,ACG,,OBS,OBS,AUR,OBS
AUR,PRT,,,,,OBS,OBS,,ACG,ECA,EMA,ACG
AST,OBS,,,,,NAL,ACG,,OBS,OBS,LCD,ACD
APV,PRT,,,,,AST,SCL,,ACG,NAL,OBS,PRT
PRT,OBS,,,,,NAL,NAL,,OBS,LIT,AUR,ECA
OBS,PRT,,,,,AST,ACG,,NAL,OBS,OBS,PRT
AST,OBS,,,,,OBS,OBS,,ACG,PRT,SCL,OBS
PRT,PRT,,,,,LCD,CBT,,OBS,OBS,OBS,PRT
AST,OBS,,,,,ECA,ACG,,ACG,PRT,AUR,ECA
APV,PRT,,,,,OBS,OBS,,OBS,OBS,EMA,AUR
OBS,OBS,,,,,APV,ACG,,PRT,ACD,OBS,ECA
AST,PRT,,,,,NAL,OBS,,OBS,AUR,EMA,AUR
APV,ACP,,,,,APV,ACG,,SAC,OBS,PRT,PRT
NAL,PRT,,,,,NAL,OBS,,ACG,AUR,ACP,ACE
OBS,OBS,,,,,APV,ACG,,OBS,OBS,OBS,PRT
SAC,PRT,,,,,OBS,OBS,,ACG,AUR,NAL,OBS
NAL,OBS,,,,,AUR,NAL,,OBS,APV,OBS,PRT
OBS,PRT,,,,,OBS,ACG,,ACG,OBS,AUR,OBS
PRT,OBS,,,,,AUR,OBS,,OBS,ACE,EMA,ACE
,PRT,,,,,NAL,ACG,,,PRT,PRT,OBS
,OBS,,,,,AUR,OBS,,,CBA,OBS,AST
,PRT,,,,,OBS,NAL,,,NAL,AUR,OBS
,OBS,,,,,AUR,ACG,,,OBS,OBS,ACG
,PRT,,,,,OBS,OBS,,,AUR,EMA,AST
,OBS,,,,,LCD,ACG,,,OBS,LCD,NAL
,APV,,,,,ECA,OBS,,,PRT,OBS,SCL
,AUR,,,,,ACP,ACG,,,OBS,PRT,OBS
,APV,,,,,ACA,OBS,,,LIT,OBS,ACG
,AUR,,,,,NAL,AUR,,,OBS,AUR,OBS
,OBS,,,,,ACP,OBS,,,PRT,OBS,LCD
,PRT,,,,,ECA,ACG,,AST,OBS,LCD,ACD
,OBS,,,,,OBS,OBS,,OBS,NAL,AST,AST
,ACG,,,,,AST,ACG,,LCD,OBS,OBS,OBS
,OBS,,,,,APV,OBS,,ECA,NAL,AST,AST
,PRT,,,,,NAL,AUR,,AST,PRT,OBS,ACG
,OBS,,,,,OBS,NAL,,OBS,OBS,PRT,OBS
,ACG,,,,,APV,OBS,,LCD,NAL,OBS,AST
,OBS,,,,,OBS,ACG,,AST,OBS,PRT,OBS
,PRT,,,,,APV,OBS,,OBS,NAL,OBS,ACG
,OBS,,,,,OBS,ACG,,AST,OBS,NAL,OBS
,ACG,,,,,APV,OBS,,OBS,ECA,ACG,ACG
,OBS,,,,,OBS,NAL,,ACP,OBS,OBS,OBS
,ACG,,,,,APV,OBS,,AST,ECA,ACG,ACG
,OBS,,,,,OBS,ACG,,OBS,OBS,OBS,OBS
,ACG,,,,,APV,OBS,,ACG,ACG,ACG,ACG
,ACE,,,,,PRT,NAL,,OBS,OBS,OBS,NAL
,OBS,,,,,OBS,ACG,,LCD,NAL,ACG,OBS
,AUR,,,,,APV,OBS,,AST,PRT,OBS,ACA
,APV,,,,,AST,AUR,,ACD,OBS,ACP,OBS
,OBS,,,,,APV,NAL,,AST,ACG,OBS,ACG
,PRT,,,,,NAL,OBS,,APV,OBS,NAL,OBS
,OBS,,,,,APV,LCD,,OBS,NAL,PRT,ACG
,PRT,,,,,NAL,AUR,,AST,OBS,OBS,OBS
,OBS,,,,,APV,OBS,,OBS,NAL,AST,ACA
,ACG,,,,,AUR,ACG,,ACE,,OBS,OBS
,OBS,,,,,APV,OBS,,AST,,ACD,ACA
,ACG,,,,,NAL,AUR,,LIT,,AUR,OBS
,ACE,,,,,OBS,OBS,,OBS,,OBS,ACA
,OBS,,,,,,AUR,,AST,,AUR,LIT
,PRT,,,,,,OBS,,PRT,,OBS,OBS
,OBS,,,,,,AUR,,OBS,,ACA,LIT
,ACG,,,,,,OBS,,PRT,,PRT,OBS
,OBS,,,,,,NAL,,LIT,,OBS,PRT
,ACG,,,,,,AUR,,CBA,,AST,OBS
,OBS,,,,,,APV,,OBS,,NAL,PRT
,ACE,,,,,,OBS,,AUR,AUR,PRT,OBS
,OBS,,,,,,AUR,,AST,OBS,OBS,ACG
,ACE,,,,,,OBS,,ACE,AUR,AST,OBS
,OBS,,,,,,APV,,ACA,ACG,OBS,ACG
,PRT,,,,,,AUR,,OBS,PRT,PRT,OBS
,OBS,,,,,,OBS,,ACA,OBS,OBS,AST
,PRT,,,,,,APV,,OBS,PRT,AST,ACD
,OBS,,,,,,AUR,,ACA,OBS,OBS,ACA
,ACE,,,,,,OBS,,LIT,NAL,ACP,OBS
,PRT,,,,,,APV,,ACA,OBS,OBS,
,ACE,,,,,,AUR,,OBS,NAL,LIT,
,PRT,,,,,,OBS,,ACA,OBS,SCL,
,OBS,,,,,,AUR,,OBS,NAL,LIT,
,PRT,,,,,,NAL,,AST,SCL,OBS,
,AST,,,,,,OBS,,ACE,NAL,NAL,
,APV,,,,,,AUR,,AST,OBS,OBS,
,OBS,,,,,,OBS,,ACE,PRT,PRT,
,ACG,,,,,,AUR,,OBS,NAL,OBS,
,,,,,,,OBS,,PRT,OBS,LCD,
,,,,,,,AST,,OBS,PRT,OBS,
,,,,,,,APV,,LIT,OBS,NAL,
,,,,,,,AST,,ACP,PRT,OBS,
,,,,,,,OBS,,LIT,OBS,ACE,
,,,,,,,APV,,OBS,PRT,AST,
,,,,,,,AST,,LIT,OBS,OBS,
,,,,,,,OBS,,OBS,NAL,AUR,
,,,,,,,NAL,,NAL,OBS,OBS,
,,,,,,,AST,,OBS,NAL,AUR,
,,,,,,,AUR,,NAL,OBS,EMA,
,,,,,,,OBS,,OBS,PRT,AUR,
,,,,,,,AUR,,NAL,NAL,AST,
,,,,,,,OBS,,,PRT,AUR,
,,,,,,,AUR,,,OBS,AST,
,,,,,,,OBS,,,PRT,APV,
,,,,,,,AUR,,,OBS,OBS,
,,,,,,,OBS,,,AST,APV,
,,,,,,,AUR,,,ACG,OBS,
,,,,,,,OBS,,,OBS,AUR,
,,,,,,,AUR,,,NAL,OBS,
,,,,,,,OBS,,,OBS,LCD,
,,,,,,,AUR,,,NAL,OBS,
,,,,,,,OBS,,,OBS,AST,
,,,,,,,AUR,,ACG,CBT,AUR,
,,,,,,,OBS,,OBS,OBS,AST,
,,,,,,,AUR,,SCL,AST,ACD,
,,,,,,,OBS,,ACG,OBS,AST,
,,,,,,,AUR,,NAL,AST,ACD,
,,,,,,,OBS,,OBS,OBS,AST,
,,,,,,,AUR,,NAL,NAL,OBS,
,,,,,,,OBS,,SCL,OBS,LCD,
,,,,,,,ACD,,ACG,,AST,
,,,,,,,OBS,,OBS,,OBS,
,,,,,,,ACE,,NAL,,AST,
,,,,,,,OBS,,OBS,,OBS,
,,,,,,,NAL,,NAL,,APV,
,,,,,,,ACG,,AST,,OBS,
,,,,,,,OBS,,OBS,,ACG,
,,,,,,,ACG,,NAL,,OBS,
,,,,,,,OBS,,SCL,,SAC,
,,,,,,,ACD,,ACG,,OBS,
,,,,,,,OBS,,OBS,,AST,
,,,,,,,AST,,NAL,ACG,OBS,
,,,,,,,OBS,,SCL,OBS,PRT,
,,,,,,,NAL,,ACG,NAL,ACP,
,,,,,,,ACG,,NAL,OBS,ECA,
,,,,,,,OBS,,OBS,ACG,PRT,
,,,,,,,NAL,,NAL,OBS,APV,
,,,,,,,ACG,,SCL,ACE,PRT,
,,,,,,,OBS,,ACG,PRT,APV,
,,,,,,,ACG,,NAL,OBS,LIT,
,,,,,,,OBS,,OBS,NAL,OBS,
,,,,,,,ACG,,NAL,OBS,EMA,
,,,,,,,OBS,,OBS,NAL,PRT,
,,,,,,,AUR,,NAL,AST,APV,
,,,,,,,OBS,,OBS,PRT,ACD,
,,,,,,,CBA,,NAL,OBS,AST,
,,,,,,,OBS,,OBS,NAL,AUR,
,,,,,,,NAL,,NAL,PRT,PRT,
,,,,,,,OBS,,OBS,OBS,ACA,
,,,,,,,AUR,,SCL,PRT,PRT,
,,,,,,,OBS,,NAL,OBS,ACA,
,,,,,,,AUR,,OBS,SCL,PRT,
,,,,,,,OBS,,NAL,OBS,ACA,
,,,,,,,ACG,,SCL,SCL,PRT,
,,,,,,,OBS,,NAL,PRT,APV,
,,,,,,,ACG,,SCL,OBS,OBS,
,,,,,,,OBS,,ACG,EMA,AUR,
,,,,,,,NAL,,ACD,OBS,AST,
,,,,,,,ACG,,AST,SCL,EMA,
,,,,,,,OBS,,OBS,NAL,AST,
,,,,,,,AUR,,AST,APV,PRT,
,,,,,,,OBS,,NAL,OBS,APV,
,,,,,,,NAL,,SCL,ACE,OBS,
,,,,,,,OBS,,AST,AST,AST,
,,,,,,,AUR,,NAL,OBS,AUR,
,,,,,,,OBS,,OBS,PRT,APV,
,,,,,,,NAL,,NAL,APV,AST,
,,,,,,,,,OBS,OBS,AUR,
,,,,,,,,,NAL,NAL,AST,
,,,,,,,,,SCL,OBS,OBS,
,,,,,,,,,ACA,SCL,AST,
,,,,,,,,,LIT,PRT,OBS,
,,,,,,,,,OBS,OBS,AUR,
,,,,,,,,,NAL,SCL,AST,
,,,,,,,,,SCL,PRT,OBS,
,,,,,,,,,ACP,OBS,AUR,
,,,,,,,,,OBS,SCL,ACD,
,,,,,,,,,NAL,PRT,AST,
,,,,,,,AUR,,SCL,OBS,ACD,
,,,,,,,AST,,ACE,SCL,AST,
,,,,,,,OBS,,NAL,OBS,APV,
,,,,,,,AUR,,OBS,PRT,OBS,
,,,,,,,ACG,,NAL,NAL,AST,
,,,,,,,OBS,,ACE,OBS,ACG,
,,,,,,,AUR,,AST,SAC,OBS,
,,,,,,,ACG,,ACG,AUR,ACD,
,,,,,,,NAL,,OBS,NAL,OBS,
,,,,,,,OBS,,NAL,ACD,NAL,
,,,,,,,AUR,,SCL,OBS,OBS,
,,,,,,,ACG,,ACG,NAL,ACA,
,,,,,,,NAL,,OBS,ACG,OBS,
,,,,,,,OBS,,ACG,OBS,ACA,
,,,,,,,ACG,,NAL,ACG,OBS,
,,,,,,,NAL,,ACG,OBS,LIT,
,,,,,,,OBS,,OBS,SCL,OBS,
,,,,,,,ACG,,NAL,ACG,NAL,
,,,,,,,OBS,,SCL,OBS,OBS,
,,,,,,,ACG,,ACG,NAL,ACD,
,,,,,,,NAL,,NAL,OBS,OBS,
,,,,,,,OBS,,OBS,AST,AST,
,,,,,,,ACG,,NAL,OBS,ACG,
,,,,,,,NAL,,SCL,AST,ACP,
,,,,,,,OBS,,ACE,OBS,ACG,
,,,,,,,ACG,,AST,PRT,ACP,
,,,,,,,NAL,,NAL,NAL,OBS,
,,,,,,,OBS,,PRT,OBS,ACG,
,,,,,,,ACG,,OBS,PRT,OBS,
,,,,,,,OBS,,SCL,OBS,ACG,
,,,,,,,ACG,,ACD,PRT,OBS,
,,,,,,,NAL,,OBS,OBS,AST,
,,,,,,,NAL,,SCL,SCL,OBS,
,,,,,,,OBS,,ACD,PRT,ACG,
,,,,,,,ACG,,OBS,OBS,OBS,
,,,,,,,NAL,,OBS,PRT,ACG,
,,,,,,,OBS,,ECA,OBS,OBS,
,,,,,,,ACG,,AUR,ACD,ACG,
,,,,,,,NAL,,OBS,ACG,AST,
,,,,,,,OBS,,NAL,OBS,ACG,
,,,,,,,ACG,,ACP,CBA,OBS,
,,,,,,,NAL,,AUR,OBS,PRT,
,,,,,,,OBS,,OBS,APV,ACE,
,,,,,,,ACG,,ECA,OBS,OBS,
,,,,,,,NAL,,CBT,NAL,LIT,
,,,,,,,OBS,,AST,APV,OBS,
,,,,,,,ACG,,OBS,OBS,LIT,
,,,,,,,NAL,,CBT,,OBS,
,,,,,,,OBS,,PRT,,AST,
,,,,,,,ACG,,OBS,,OBS,
,,,,,,,NAL,,CBT,,ACP,
,,,,,,,OBS,,ACP,,OBS,
,,,,,,,AUR,,ACG,,ACP,
,,,,,,,ACG,,ACP,,OBS,
,,,,,,,NAL,,AST,,AUR,
,,,,,,,OBS,,OBS,,OBS,
,,,,,,,ACG,,ECA,,NAL,
,,,,,,,NAL,,PRT,,OBS,
,,,,,,,OBS,,AST,OBS,NAL,
,,,,,,,ACG,,OBS,AST,APV,
,,,,,,,NAL,,CBT,OBS,AST,
,,,,,,,OBS,,ACP,AST,OBS,
,,,,,,,ACG,,PRT,NAL,NAL,
,,,,,,,NAL,,AST,OBS,AUR,
,,,,,,,OBS,,OBS,ACG,SCL,
,,,,,,,CBA,,SCL,ACE,AUR,
,,,,,,,SCL,,PRT,AST,PRT,
,,,,,,,AUR,,CBT,ACE,OBS,
,,,,,,,ACP,,SCL,OBS,PRT,
,,,,,,,OBS,,ACP,NAL,OBS,
,,,,,,,ACP,,PRT,OBS,PRT,
,,,,,,,OBS,,OBS,SCL,OBS,
,,,,,,,CBA,,NAL,OBS,PRT,
,,,,,,,NAL,,ECA,SCL,OBS,
,,,,,,,SCL,,CBT,OBS,PRT,
,,,,,,,OBS,,ACP,SCL,OBS,
,,,,,,,NAL,,SCL,OBS,ACD,
,,,,,,,AST,,NAL,NAL,OBS,
,,,,,,,OBS,,ACG,SCL,SCL,
,,,,,,,AST,,AST,OBS,ACD,
,,,,,,,OBS,,OBS,NAL,OBS,
,,,,,,,ACD,,CBT,SCL,ACA,
,,,,,,,AST,,NAL,OBS,OBS,
,,,,,,,OBS,,ACE,SCL,ACA,
,,,,,,,NAL,,ACG,OBS,OBS,
,,,,,,,OBS,,ACP,SCL,NAL,
,,,,,,,NAL,,ACG,OBS,ACG,
,,,,,,,AUR,,AST,SCL,NAL,
,,,,,,,OBS,,OBS,ACG,OBS,
,,,,,,,AUR,,AST,OBS,NAL,
,,,,,,,OBS,,OBS,NAL,AST,
,,,,,,,CBA,,CBT,SCL,OBS,
,,,,,,,OBS,,ECA,OBS,NAL,
,,,,,,,CBA,,ACG,NAL,AUR,
,,,,,,,OBS,,AST,SCL,OBS,
,,,,,,,CBA,,OBS,NAL,NAL,
,,,,,,,OBS,,ACG,SCL,OBS,
,,,,,,,AST,,CBT,NAL,NAL,
,,,,,,,OBS,,PRT,SCL,PRT,
,,,,,,,AUR,,AUR,NAL,AST,
,,,,,,,OBS,,OBS,ACG,OBS,
,,,,,,,NAL,,PRT,OBS,NAL,
,,,,,,,AUR,,AST,SCL,APV,
,,,,,,,OBS,,AUR,OBS,AST,
,,,,,,,AST,,OBS,NAL,OBS,
,,,,,,,OBS,,CBT,SCL,ACA,
,,,,,,,AST,,ECA,OBS,OBS,
,,,,,,,OBS,,OBS,NAL,AST,
,,,,,,,NAL,,CBT,OBS,PRT,
,,,,,,,AST,,ACG,SCL,OBS,
,,,,,,,OBS,,OBS,NAL,AST,
,,,,,,,AUR,,ACG,OBS,OBS,
,,,,,,,OBS,,OBS,NAL,NAL,
,,,,,,,AST,,ACG,SCL,ACA,
,,,,,,,OBS,,OBS,OBS,OBS,
,,,,,,,CBA,,PRT,NAL,NAL,
,,,,,,,OBS,,OBS,SCL,OBS,
,,,,,,,NAL,,PRT,OBS,ACA,
,,,,,,,OBS,,CBT,NAL,OBS,
,,,,,,,NAL,,ECA,SCL,NAL,
,,,,,,,AUR,,CBT,OBS,PRT,
,,,,,,,LCD,,ECA,SCL,OBS,
,,,,,,,OBS,,CBT,ACG,NAL,
,,,,,,,AST,,SCL,OBS,PRT,
,,,,,,,OBS,,PRT,ACE,NAL,
,,,,,,,ACG,,AUR,ACG,OBS,
,,,,,,,OBS,,OBS,OBS,OBS,
,,,,,,,ACG,,AUR,SCL,PRT,
,,,,,,,OBS,,OBS,OBS,OBS,
,,,,,,,ACG,,AUR,SCL,NAL,
,,,,,,,OBS,,OBS,ACG,OBS,
,,,,,,,NAL,,AUR,ACE,ACP,
,,,,,,,ACG,,OBS,AST,OBS,
,,,,,,,OBS,,AUR,OBS,PRT,
,,,,,,,AST,,SCL,SCL,OBS,
,,,,,,,OBS,,PRT,NAL,LCD,
,,,,,,,AST,,AST,OBS,PRT,
,,,,,,,OBS,,OBS,NAL,OBS,
,,,,,,,AST,,NAL,SCL,ACD,
,,,,,,,OBS,,ECA,ACG,AST,
,,,,,,,ACG,,CBT,OBS,OBS,
,,,,,,,OBS,,OBS,SCL,NAL,
,,,,,,,NAL,,ECA,OBS,OBS,
,,,,,,,ACG,,ACG,NAL,PRT,
,,,,,,,OBS,,AST,SCL,OBS,
,,,,,,,AST,,OBS,OBS,LIT,
,,,,,,,OBS,,ACG,SCL,OBS,
,,,,,,,NAL,,PRT,ACG,ACP,
,,,,,,,AST,,AST,OBS,OBS,
,,,,,,,OBS,,PRT,SCL,ACP,
,,,,,,,ACD,,OBS,ACG,OBS,
,,,,,,,AST,,AUR,OBS,LCD,
,,,,,,,OBS,,OBS,AST,ACG,
,,,,,,,AST,,AUR,OBS,OBS,
,,,,,,,OBS,,OBS,ACE,AST,
,,,,,,,ACD,,AUR,OBS,OBS,
,,,,,,,OBS,,OBS,ACE,ECA,
,,,,,,,ACD,,CBT,PRT,NAL,
,,,,,,,OBS,,ECA,OBS,OBS,
,,,,,,,ACD,,CBT,SCL,LCD,
,,,,,,,OBS,,SAC,AST,OBS,
,,,,,,,ACA,,CBT,OBS,AUR,
,,,,,,,OBS,,SAC,NAL,OBS,
,,,,,,,ACA,,ECA,PRT,AST,
,,,,,,,OBS,,SCL,SCL,OBS,
,,,,,,,NAL,,PRT,AST,ACD,
,,,,,,,ACG,,OBS,APV,AUR,
,,,,,,,OBS,,SCL,OBS,OBS,
,,,,,,,ACG,,ACG,PRT,ACG,
,,,,,,,OBS,,PRT,ACA,OBS,
,,,,,,,ACG,,AST,OBS,,
,,,,,,,OBS,,OBS,SCL,,
,,,,,,,ACG,,ECA,ACD,,
,,,,,,,OBS,,CBT,OBS,,
,,,,,,,AUR,,ECA,SCL,,
,,,,,,,ACG,,SAC,NAL,,
,,,,,,,OBS,,CBT,,,
,,,,,,,LCD,,ECA,,,
,,,,,,,ACG,,SAC,,,
,,,,,,,OBS,,AUR,,,
,,,,,,,ACG,,PRT,,,
,,,,,,,OBS,,APV,,,
,,,,,,,ACG,,OBS,,,
,,,,,,,OBS,,ACD,,,
,,,,,,,ACG,,APV,,,
,,,,,,,SCL,,SCL,,,
,,,,,,,OBS,,PRT,,,
,,,,,,,ACG,,AUR,PRT,,
,,,,,,,OBS,,APV,OBS,,
,,,,,,,ACA,,AUR,PRT,,
,,,,,,,OBS,,APV,OBS,,
,,,,,,,AUR,,ACD,ECA,,
,,,,,,,ACA,,OBS,OBS,,
,,,,,,,OBS,,PRT,ECA,,
,,,,,,,AUR,,OBS,OBS,,
,,,,,,,ACA,,PRT,ECA,,
,,,,,,,OBS,,AST,OBS,,
,,,,,,,AUR,,APV,AST,,
,,,,,,,ACA,,OBS,OBS,,
,,,,,,,ACG,,PRT,NAL,,
,,,,,,,OBS,,ACG,AST,,
,,,,,,,AUR,,APV,OBS,,
,,,,,,,ACA,,AST,AST,,
,,,,,,,OBS,,APV,OBS,,
,,,,,,,ACP,,AST,AST,,
,,,,,,,OBS,,APV,OBS,,
,,,,,,,AUR,,AST,AST,,
,,,,,,,ACP,,APV,OBS,,
,,,,,,,OBS,,AST,AST,,
,,,,,,,AUR,,APV,OBS,,
,,,,,,,ACP,,AST,EMA,,
,,,,,,,,,APV,OBS,,
,,,,,,,,,AST,AST,,
,,,,,,,,,APV,OBS,,
,,,,,,,,,AST,AST,,
,,,,,,,,,APV,OBS,,
,,,,,,,,,OBS,APV,,
,,,,,,,,,APV,OBS,,
,,,,,,,,,SAC,NAL,,
,,,,,,,,,PRT,OBS,,
,,,,,,,,,AUR,NAL,,
,,,,,,,,,ECA,OBS,,
,,,,,,,AUR,,AST,SAC,,
,,,,,,,AST,,APV,SCL,,
,,,,,,,OBS,,AUR,SAC,,
,,,,,,,AUR,,ACG,AUR,,
,,,,,,,ACG,,ACP,OBS,,
,,,,,,,OBS,,NAL,SAC,,
,,,,,,,AUR,,AUR,OBS,,
,,,,,,,ACG,,AST,NAL,,
,,,,,,,NAL,,PRT,,,
,,,,,,,OBS,,ACE,,,
,,,,,,,AUR,,ACP,,,
,,,,,,,ACG,,ACG,,,
,,,,,,,NAL,,AST,,,
,,,,,,,OBS,,SAC,,,
,,,,,,,ACG,,APV,,,
,,,,,,,NAL,,AST,,,
,,,,,,,OBS,,ECA,,,
,,,,,,,ACG,,ACE,,,
,,,,,,,OBS,,ACP,,,
,,,,,,,ACG,,ECA,OBS,,
,,,,,,,NAL,,OBS,ACD,,
,,,,,,,OBS,,ACG,NAL,,
,,,,,,,ACG,,ACD,ACD,,
,,,,,,,NAL,,AST,OBS,,
,,,,,,,OBS,,ECA,NAL,,
,,,,,,,ACG,,NAL,PRT,,
,,,,,,,NAL,,AUR,OBS,,
,,,,,,,OBS,,SCL,NAL,,
,,,,,,,ACG,,LCD,OBS,,
,,,,,,,OBS,,ECA,SCL,,
,,,,,,,ACG,,PRT,ACG,,
,,,,,,,NAL,,OBS,AUR,,
,,,,,,,OBS,,NAL,NAL,,
,,,,,,,ACG,,OBS,SCL,,
,,,,,,,NAL,,ECA,PRT,,
,,,,,,,AUR,,ACE,OBS,,
,,,,,,,OBS,,AST,NAL,,
,,,,,,,ACG,,ACG,OBS,,
,,,,,,,NAL,,,NAL,,
,,,,,,,OBS,,,SCL,,
,,,,,,,AUR,,,ACD,,
,,,,,,,ACG,,,AUR,,
,,,,,,,NAL,,,NAL,,
,,,,,,,OBS,,,SCL,,
,,,,,,,ACG,,,AUR,,
,,,,,,,NAL,,,NAL,,
,,,,,,,OBS,,,AUR,,
,,,,,,,ACG,,,SCL,,
,,,,,,,NAL,,,OBS,,
,,,,,,,OBS,,AST,SCL,,
,,,,,,,ACG,,SCL,AST,,
,,,,,,,NAL,,AST,OBS,,
,,,,,,,OBS,,SCL,AST,,
,,,,,,,ACG,,AST,OBS,,
,,,,,,,NAL,,OBS,SCL,,
,,,,,,,OBS,,SCL,ACG,,
,,,,,,,ACG,,AST,OBS,,
,,,,,,,NAL,,APV,NAL,,
,,,,,,,OBS,,SCL,ACG,,
,,,,,,,ACG,,ACE,OBS,,
,,,,,,,NAL,,OBS,NAL,,
,,,,,,,OBS,,SCL,SCL,,
,,,,,,,ACG,,ACE,AST,,
,,,,,,,NAL,,OBS,OBS,,
,,,,,,,OBS,,SCL,,,
,,,,,,,ACG,,NAL,,,
,,,,,,,NAL,,AST,,,
,,,,,,,OBS,,OBS,,,
,,,,,,,AUR,,SCL,,,
,,,,,,,ACG,,ACE,,,
,,,,,,,NAL,,PRT,,,
,,,,,,,OBS,,ACE,,,
,,,,,,,ACG,,SCL,,,
,,,,,,,NAL,,PRT,,,
,,,,,,,OBS,,SCL,,,
,,,,,,,ACG,,PRT,ACG,,
,,,,,,,NAL,,NAL,OBS,,
,,,,,,,OBS,,SCL,NAL,,
,,,,,,,ACG,,AST,OBS,,
,,,,,,,NAL,,SCL,NAL,,
,,,,,,,OBS,,AST,ACG,,
,,,,,,,CBA,,OBS,OBS,,
,,,,,,,SCL,,NAL,NAL,,
,,,,,,,AUR,,OBS,AST,,
,,,,,,,ACP,,SCL,OBS,,
,,,,,,,OBS,,ACE,PRT,,
,,,,,,,ACP,,NAL,NAL,,
,,,,,,,OBS,,SCL,OBS,,
,,,,,,,CBA,,ACG,NAL,,
,,,,,,,NAL,,SCL,OBS,,
,,,,,,,SCL,,ACG,NAL,,
,,,,,,,OBS,,OBS,OBS,,
,,,,,,,NAL,,SCL,NAL,,
,,,,,,,AST,,AST,SCL,,
,,,,,,,OBS,,SCL,OBS,,
,,,,,,,AST,,AST,NAL,,
,,,,,,,OBS,,PRT,SCL,,
,,,,,,,ACD,,OBS,ACG,,
,,,,,,,AST,,AUR,OBS,,
,,,,,,,OBS,,SCL,AST,,
,,,,,,,NAL,,AST,OBS,,
,,,,,,,OBS,,SCL,AST,,
,,,,,,,NAL,,AST,PRT,,
,,,,,,,AUR,,OBS,OBS,,
,,,,,,,OBS,,SCL,PRT,,
,,,,,,,AUR,,AST,OBS,,
,,,,,,,OBS,,OBS,NAL,,
,,,,,,,CBA,,SCL,ACD,,
,,,,,,,OBS,,ACE,AST,,
,,,,,,,CBA,,SCL,OBS,,
,,,,,,,OBS,,ACG,NAL,,
,,,,,,,CBA,,SCL,AST,,
,,,,,,,OBS,,ACG,NAL,,
,,,,,,,AST,,ACP,AUR,,
,,,,,,,OBS,,SCL,NAL,,
,,,,,,,AUR,,ACP,OBS,,
,,,,,,,OBS,,SCL,AUR,,
,,,,,,,NAL,,ACA,LIT,,
,,,,,,,AUR,,SCL,PRT,,
,,,,,,,OBS,,AUR,OBS,,
,,,,,,,AST,,OBS,AUR,,
,,,,,,,OBS,,SCL,OBS,,
,,,,,,,AST,,AUR,PRT,,
,,,,,,,OBS,,OBS,OBS,,
,,,,,,,NAL,,NAL,NAL,,
,,,,,,,AST,,OBS,OBS,,
,,,,,,,OBS,,SCL,NAL,,
,,,,,,,AUR,,ACA,OBS,,
,,,,,,,OBS,,OBS,PRT,,
,,,,,,,AST,,SCL,OBS,,
,,,,,,,OBS,,AST,NAL,,
,,,,,,,CBA,,OBS,PRT,,
,,,,,,,OBS,,SCL,OBS,,
,,,,,,,NAL,,AST,ACA,,
,,,,,,,OBS,,SCL,OBS,,
,,,,,,,NAL,,ACE,ACG,,
,,,,,,,AUR,,SCL,ACA,,
,,,,,,,LCD,,ACE,OBS,,
,,,,,,,OBS,,OBS,NAL,,
,,,,,,,AST,,NAL,,,
,,,,,,,OBS,,SCL,,,
,,,,,,,ACG,,AST,,,
,,,,,,,OBS,,SCL,,,
,,,,,,,ACG,,AST,,,
,,,,,,,OBS,,AUR,,,
,,,,,,,ACG,,SCL,,,
,,,,,,,OBS,,AUR,,,
,,,,,,,NAL,,OBS,,,
,,,,,,,ACG,,AUR,,,
,,,,,,,OBS,,OBS,,,
,,,,,,,AST,,ACG,PRT,,
,,,,,,,OBS,,OBS,OBS,,
,,,,,,,AST,,SCL,NAL,,
,,,,,,,OBS,,ACG,OBS,,
,,,,,,,AST,,SCL,AST,,
,,,,,,,OBS,,AST,ACD,,
,,,,,,,ACG,,SCL,AST,,
,,,,,,,OBS,,AST,ACD,,
,,,,,,,NAL,,OBS,AUR,,
,,,,,,,ACG,,AST,OBS,,
,,,,,,,OBS,,SCL,AST,,
,,,,,,,AST,,AST,OBS,,
,,,,,,,OBS,,SCL,AST,,
,,,,,,,NAL,,AST,OBS,,
,,,,,,,AST,,SCL,AST,,
,,,,,,,OBS,,ACE,OBS,,
,,,,,,,ACD,,SCL,PRT,,
,,,,,,,AST,,ACE,OBS,,
,,,,,,,OBS,,OBS,PRT,,
,,,,,,,AST,,NAL,OBS,,
,,,,,,,OBS,,SCL,NAL,,
,,,,,,,ACD,,ACG,OBS,,
,,,,,,,OBS,,AST,AUR,,
,,,,,,,ACD,,OBS,OBS,,
,,,,,,,OBS,,SCL,NAL,,
,,,,,,,ACD,,AST,OBS,,
,,,,,,,OBS,,NAL,AST,,
,,,,,,,ACA,,SCL,OBS,,
,,,,,,,OBS,,AST,PRT,,
,,,,,,,ACA,,APV,OBS,,
,,,,,,,OBS,,OBS,PRT,,
,,,,,,,NAL,,SCL,OBS,,
,,,,,,,ACG,,PRT,AUR,,
,,,,,,,OBS,,OBS,OBS,,
,,,,,,,ACG,,NAL,,,
,,,,,,,OBS,,OBS,,,
,,,,,,,ACG,,NAL,,,
,,,,,,,OBS,,SCL,,,
,,,,,,,ACG,,ACE,,,
,,,,,,,OBS,,AST,,,
,,,,,,,AUR,,OBS,,,
,,,,,,,ACG,,AST,,,
,,,,,,,OBS,,SCL,,,
,,,,,,,LCD,,ACE,,,
,,,,,,,ACG,,OBS,,,
,,,,,,,OBS,,NAL,OBS,,
,,,,,,,ACG,,OBS,NAL,,
,,,,,,,OBS,,SAC,SCL,,
,,,,,,,ACG,,SCL,ACD,,
,,,,,,,OBS,,AST,OBS,,
,,,,,,,ACG,,SCL,NAL,,
,,,,,,,SCL,,ACG,OBS,,
,,,,,,,OBS,,AST,NAL,,
,,,,,,,ACG,,OBS,OBS,,
,,,,,,,OBS,,NAL,NAL,,
,,,,,,,ACA,,SCL,SCL,,
,,,,,,,OBS,,ACP,AST,,
,,,,,,,AUR,,OBS,OBS,,
,,,,,,,ACA,,NAL,NAL,,
,,,,,,,OBS,,OBS,AST,,
,,,,,,,AUR,,SCL,OBS,,
,,,,,,,ACA,,ACP,AST,,
,,,,,,,OBS,,OBS,OBS,,
,,,,,,,AUR,,SCL,NAL,,
,,,,,,,ACA,,ACE,,,
,,,,,,,ACG,,AST,,,
,,,,,,,OBS,,ACG,,,
,,,,,,,AUR,,OBS,,,
,,,,,,,ACA,,SCL,,,
,,,,,,,OBS,,PRT,,,
,,,,,,,ACP,,SCL,,,
,,,,,,,OBS,,PRT,,,
,,,,,,,AUR,,NAL,,,
,,,,,,,ACP,,PRT,,,
,,,,,,,OBS,,OBS,,,
,,,,,,,AUR,,SCL,ACG,,
,,,,,,,ACP,,PRT,CBT,,
,,,,,,,,,OBS,SCL,,
,,,,,,,,,,OBS,,
,,,,,,,,,,SCL,,
,,,,,,,,,,ACG,,
,,,,,,,,,,CBT,,
,,,,,,,,,,SCL,,
,,,,,,,,,,OBS,,
,,,,,,,,,,CBT,,
,,,,,,,,,,SCL,,
,,,,,,,,,,ACG,,
,,,,,,,,,,CBT,,
,,,,,,,ACA,,,SCL,,
,,,,,,,OBS,,AST,OBS,,
,,,,,,,ACA,,OBS,ECA,,
,,,,,,,OBS,,NAL,CBT,,
,,,,,,,ACA,,SCL,SCL,,
,,,,,,,OBS,,PRT,ACA,,
,,,,,,,ACA,,SCL,ACG,,
,,,,,,,OBS,,PRT,CBT,,
,,,,,,,ACD,,SCL,OBS,,
,,,,,,,OBS,,ACA,CBT,,
,,,,,,,ACD,,NAL,OBS,,
,,,,,,,AST,,SCL,CBT,,
,,,,,,,OBS,,ACA,ACG,,
,,,,,,,ACD,,OBS,CBT,,
,,,,,,,OBS,,NAL,SCL,,
,,,,,,,ACA,,ACD,OBS,,
,,,,,,,OBS,,NAL,ACG,,
,,,,,,,AST,,SCL,CBT,,
,,,,,,,OBS,,NAL,SCL,,
,,,,,,,OBS,,SCL,OBS,,
,,,,,,,AST,,NAL,SCL,,
,,,,,,,OBS,,ACD,OBS,,
,,,,,,,NAL,,OBS,SCL,,
,,,,,,,AST,,NAL,OBS,,
,,,,,,,OBS,,SCL,SCL,,
,,,,,,,ACD,,ACG,AST,,
,,,,,,,AST,,OBS,CBT,,
,,,,,,,OBS,,SCL,SCL,,
,,,,,,,AST,,ACG,,,
,,,,,,,ACD,,SCL,,,
,,,,,,,OBS,,ACG,,,
,,,,,,,ACD,,AST,,,
,,,,,,,OBS,,SCL,,,
,,,,,,,NAL,,AST,,,
,,,,,,,AST,,SCL,,,
,,,,,,,OBS,,AST,,,
,,,,,,,NAL,,NAL,,,
,,,,,,,OBS,,SCL,,,
,,,,,,,AUR,,ACG,,,
,,,,,,,OBS,,AST,ACA,,
,,,,,,,AUR,,OBS,OBS,,
,,,,,,,OBS,,SCL,PRT,,
,,,,,,,AUR,,ACP,OBS,,
,,,,,,,OBS,,OBS,SCL,,
,,,,,,,ACE,,SCL,OBS,,
,,,,,,,OBS,,ACP,SCL,,
,,,,,,,APV,,OBS,AST,,
,,,,,,,AST,,SCL,OBS,,
,,,,,,,OBS,,ACG,PRT,,
,,,,,,,ACE,,OBS,OBS,,
,,,,,,,OBS,,SCL,PRT,,
,,,,,,,NAL,,ACD,OBS,,
,,,,,,,OBS,,AUR,NAL,,
,,,,,,,NAL,,SCL,OBS,,
,,,,,,,OBS,,ACE,SCL,,
,,,,,,,AUR,,OBS,AST,,
,,,,,,,ACG,,SCL,OBS,,
,,,,,,,OBS,,AST,ACD,,
,,,,,,,PRT,,OBS,OBS,,
,,,,,,,OBS,,AST,EMA,,
,,,,,,,ACE,,OBS,OBS,,
,,,,,,,OBS,,NAL,EMA,,
,,,,,,,ACE,,SCL,PRT,,
,,,,,,,AST,,AST,OBS,,
,,,,,,,APV,,OBS,SCL,,
,,,,,,,AST,,ACG,OBS,,
,,,,,,,APV,,OBS,SCL,,
,,,,,,,OBS,,ACG,AST,,
,,,,,,,ACE,,OBS,OBS,,
,,,,,,,OBS,,APV,NAL,,
,,,,,,,ACP,,OBS,OBS,,
,,,,,,,OBS,,APV,AUR,,
,,,,,,,ACG,,OBS,OBS,,
,,,,,,,OBS,,APV,EMA,,
,,,,,,,NAL,,OBS,OBS,,
,,,,,,,AST,,SCL,EMA,,
,,,,,,,APV,,ACD,SCL,,
,,,,,,,AST,,OBS,OBS,,
,,,,,,,APV,,APV,NAL,,
,,,,,,,OBS,,OBS,OBS,,
,,,,,,,ACE,,ACE,SCL,,
,,,,,,,OBS,,PRT,PRT,,
,,,,,,,ACE,,OBS,OBS,,
,,,,,,,OBS,,AST,,,
,,,,,,,AUR,,PRT,,,
,,,,,,,OBS,,OBS,,,
,,,,,,,ACG,,PRT,,,
,,,,,,,OBS,,OBS,,,
,,,,,,,AUR,,PRT,,,
,,,,,,,ACG,,OBS,,,
,,,,,,,OBS,,ACA,,,
,,,,,,,NAL,,OBS,,,
,,,,,,,ACG,,ACA,,,
,,,,,,,OBS,,ACP,,,
,,,,,,,NAL,,OBS,ACD,,
,,,,,,,AST,,ACG,APV,,
,,,,,,,OBS,,ACE,OBS,,
,,,,,,,AST,,ACG,APV,,
,,,,,,,OBS,,AST,NAL,,
,,,,,,,AST,,OBS,OBS,,
,,,,,,,OBS,,PRT,SCL,,
,,,,,,,AST,,OBS,PRT,,
,,,,,,,OBS,,NAL,OBS,,
,,,,,,,AST,,SCL,AST,,
,,,,,,,OBS,,AST,OBS,,
,,,,,,,AST,,OBS,AST,,
,,,,,,,OBS,,APV,OBS,,
,,,,,,,AUR,,NAL,AST,,
,,,,,,,OBS,,OBS,OBS,,
,,,,,,,AUR,,SCL,NAL,,
,,,,,,,OBS,,ACE,ACD,,
,,,,,,,AST,,OBS,OBS,,
,,,,,,,OBS,,ACE,AST,,
,,,,,,,ACE,,PRT,ACD,,
,,,,,,,OBS,,NAL,ACG,,
,,,,,,,ACE,,SCL,AST,,
,,,,,,,OBS,,AST,OBS,,
,,,,,,,NAL,,OBS,AUR,,
,,,,,,,ACE,,AST,NAL,,
,,,,,,,OBS,,ACD,OBS,,
,,,,,,,NAL,,OBS,NAL,,
,,,,,,,AST,,APV,OBS,,
,,,,,,,OBS,,OBS,NAL,,
,,,,,,,AST,,SCL,OBS,,
,,,,,,,OBS,,ACE,NAL,,
,,,,,,,AST,,PRT,OBS,,
,,,,,,,OBS,,OBS,,,
,,,,,,,AST,,AST,,,
,,,,,,,ACD,,PRT,,,
,,,,,,,OBS,,OBS,,,
,,,,,,,NAL,,SAC,,,
,,,,,,,ACG,,AST,,,
,,,,,,,OBS,,PRT,,,
,,,,,,,NAL,,AST,,,
,,,,,,,ACD,,OBS,,,
,,,,,,,AST,,NAL,,,
,,,,,,,ACE,,AST,,,
,,,,,,,OBS,,ACE,AST,,
,,,,,,,AST,,PRT,OBS,,
,,,,,,,OBS,,OBS,AST,,
,,,,,,,AST,,NAL,OBS,,
,,,,,,,OBS,,OBS,AST,,
,,,,,,,NAL,,ACE,SCL,,
,,,,,,,AST,,OBS,AUR,,
,,,,,,,OBS,,NAL,OBS,,
,,,,,,,CBA,,LIT,AUR,,
,,,,,,,AUR,,OBS,OBS,,
,,,,,,,OBS,,NAL,AUR,,
,,,,,,,PRT,,SCL,OBS,,
,,,,,,,OBS,,ACA,AUR,,
,,,,,,,NAL,,SCL,OBS,,
,,,,,,,OBS,,ACG,AUR,,
,,,,,,,NAL,,ACP,SCL,,
,,,,,,,OBS,,SCL,AUR,,
,,,,,,,AUR,,ACP,APV,,
,,,,,,,OBS,,SCL,OBS,,
,,,,,,,NAL,,ACP,APV,,
,,,,,,,AST,,ACA,OBS,,
,,,,,,,AUR,,OBS,APV,,
,,,,,,,OBS,,SCL,NAL,,
,,,,,,,AST,,ACE,APV,,
,,,,,,,OBS,,OBS,SCL,,
,,,,,,,AST,,ACE,PRT,,
,,,,,,,OBS,,AST,SCL,,
,,,,,,,AST,,OBS,AST,,
,,,,,,,OBS,,SCL,NAL,,
,,,,,,,ACE,,APV,SCL,,
,,,,,,,OBS,,AST,PRT,,
,,,,,,,ACE,,APV,SCL,,
,,,,,,,OBS,,OBS,PRT,,
,,,,,,,AST,,ACE,OBS,,
,,,,,,,OBS,,PRT,NAL,,
,,,,,,,AST,,OBS,AUR,,
,,,,,,,OBS,,PRT,SCL,,
,,,,,,,AST,,OBS,OBS,,
,,,,,,,OBS,,PRT,SCL,,
,,,,,,,AST,,OBS,AST,,
,,,,,,,OBS,,AST,SCL,,
,,,,,,,AST,,OBS,AST,,
,,,,,,,ACE,,ACE,OBS,,
,,,,,,,NAL,,AST,SCL,,
,,,,,,,ACE,,OBS,PRT,,
,,,,,,,NAL,,ACE,OBS,,
,,,,,,,ACE,,PRT,SCL,,
,,,,,,,NAL,,OBS,OBS,,
,,,,,,,ACE,,NAL,SCL,,
,,,,,,,NAL,,AUR,AST,,
,,,,,,,ACE,,APV,OBS,,
,,,,,,,NAL,,LIT,AST,,
,,,,,,,ACE,,OBS,OBS,,
,,,,,,,NAL,,NAL,SCL,,
,,,,,,,ACE,,OBS,AST,,
,,,,,,,NAL,,NAL,SCL,,
,,,,,,,ACE,,ACD,PRT,,
,,,,,,,NAL,,OBS,OBS,,
,,,,,,,ACE,,PRT,SCL,,
,,,,,,,OBS,,OBS,PRT,,
,,,,,,,ACE,,SCL,OBS,,
,,,,,,,OBS,,ACG,SAC,,
,,,,,,,AUR,,ACD,NAL,,
,,,,,,,OBS,,OBS,AUR,,
,,,,,,,AUR,,ACG,SAC,,
,,,,,,,OBS,,OBS,NAL,,
,,,,,,,AUR,,ACG,SCL,,
,,,,,,,ACA,,OBS,AUR,,
,,,,,,,OBS,,NAL,ACP,,
,,,,,,,NAL,,ACG,AUR,,
,,,,,,,ECA,,OBS,NAL,,
,,,,,,,AUR,,AST,SCL,,
,,,,,,,OBS,,OBS,AUR,,
,,,,,,,ECA,,AST,APV,,
,,,,,,,OBS,,OBS,SCL,,
,,,,,,,ACA,,AUR,AST,,
,,,,,,,OBS,,OBS,OBS,,
,,,,,,,ACA,,ACG,SCL,,
,,,,,,,AUR,,AUR,AST,,
,,,,,,,OBS,,OBS,OBS,,
,,,,,,,AUR,,LIT,SCL,,
,,,,,,,OBS,,OBS,AST,,
,,,,,,,NAL,,LIT,OBS,,
,,,,,,,OBS,,AUR,NAL,,
,,,,,,,AST,,LIT,SCL,,
,,,,,,,OBS,,ACA,ACE,,
,,,,,,,AST,,ACG,PRT,,
,,,,,,,OBS,,AUR,OBS,,
,,,,,,,AST,,LIT,SCL,,
,,,,,,,OBS,,ACG,AST,,
,,,,,,,AST,,NAL,OBS,,
,,,,,,,AUR,,AUR,SCL,,
,,,,,,,OBS,,ACA,APV,,
,,,,,,,AUR,,LIT,SCL,,
,,,,,,,,,OBS,PRT,,
,,,,,,,,,LIT,NAL,,
,,,,,,,,,ACP,OBS,,
,,,,,,,,,ACG,NAL,,
,,,,,,,,,OBS,SCL,,
,,,,,,,,,APV,AUR,,
,,,,,,,,,OBS,SCL,,
,,,,,,,,,AUR,PRT,,
,,,,,,,,,OBS,OBS,,
,,,,,,,,,AUR,PRT,,
,,,,,,,,,ACG,OBS,,
,,,,,,,AST,,OBS,SCL,,
,,,,,,,ACE,,PRT,OBS,,
,,,,,,,OBS,,OBS,SCL,,
,,,,,,,NAL,,PRT,PRT,,
,,,,,,,ACE,,OBS,CBT,,
,,,,,,,OBS,,ACG,OBS,,
,,,,,,,NAL,,,SCL,,
,,,,,,,AST,,,AST,,
,,,,,,,OBS,,,CBT,,
,,,,,,,APV,,,SCL,,
,,,,,,,OBS,,,AST,,
,,,,,,,ACE,,,SCL,,
,,,,,,,OBS,,,AST,,
,,,,,,,NAL,,,OBS,,
,,,,,,,ACE,,,SCL,,
,,,,,,,OBS,,,OBS,,
,,,,,,,ACE,,,SCL,,
,,,,,,,AST,,AST,ACD,,
,,,,,,,OBS,,PRT,PRT,,
,,,,,,,ACE,,OBS,OBS,,
,,,,,,,AST,,PRT,SCL,,
,,,,,,,OBS,,SCL,ACG,,
,,,,,,,NAL,,PRT,OBS,,
,,,,,,,OBS,,SCL,NAL,,
,,,,,,,ACE,,OBS,OBS,,
,,,,,,,ACP,,SCL,,,
,,,,,,,OBS,,PRT,,,
,,,,,,,ACE,,NAL,,,
,,,,,,,ACP,,AUR,,,
,,,,,,,OBS,,NAL,,,
,,,,,,,ACG,,LIT,,,
,,,,,,,OBS,,OBS,,,
,,,,,,,ACE,,APV,,,
,,,,,,,AST,,OBS,,,
,,,,,,,ACE,,APV,,,
,,,,,,,OBS,,SCL,,,
,,,,,,,ACE,,APV,AST,,
,,,,,,,OBS,,OBS,OBS,,
,,,,,,,AST,,APV,APV,,
,,,,,,,OBS,,OBS,OBS,,
,,,,,,,AST,,NAL,AST,,
,,,,,,,OBS,,APV,OBS,,
,,,,,,,APV,,OBS,ECA,,
,,,,,,,OBS,,NAL,OBS,,
,,,,,,,AUR,,APV,ECA,,
,,,,,,,OBS,,OBS,OBS,,
,,,,,,,AST,,SCL,ECA,,
,,,,,,,OBS,,APV,OBS,,
,,,,,,,AST,,OBS,ECA,,
,,,,,,,OBS,,SCL,LCD,,
,,,,,,,AST,,APV,OBS,,
,,,,,,,AUR,,OBS,AUR,,
,,,,,,,OBS,,SCL,OBS,,
,,,,,,,NAL,,AST,AUR,,
,,,,,,,OBS,,NAL,EMA,,
,,,,,,,ACE,,AUR,OBS,,
,,,,,,,ACP,,SAC,EMA,,
,,,,,,,OBS,,SCL,OBS,,
,,,,,,,ACE,,NAL,EMA,,
,,,,,,,OBS,,APV,OBS,,
,,,,,,,NAL,,OBS,EMA,,
,,,,,,,AST,,SCL,OBS,,
,,,,,,,ACE,,APV,PRT,,
,,,,,,,NAL,,OBS,AST,,
,,,,,,,OBS,,APV,PRT,,
,,,,,,,AUR,,OBS,AST,,
,,,,,,,OBS,,NAL,OBS,,
,,,,,,,ACE,,APV,SAC,,
,,,,,,,OBS,,OBS,AUR,,
,,,,,,,ACE,,SCL,NAL,,
,,,,,,,OBS,,APV,OBS,,
,,,,,,,ACE,,OBS,AST,,
,,,,,,,OBS,,SCL,OBS,,
,,,,,,,NAL,,APV,AST,,
,,,,,,,ACE,,SCL,ACG,,
,,,,,,,OBS,,OBS,OBS,,
,,,,,,,NAL,,APV,ACG,,
,,,,,,,ACE,,OBS,OBS,,
,,,,,,,OBS,,SCL,ACG,,
,,,,,,,AUR,,APV,OBS,,
,,,,,,,OBS,,OBS,SCL,,
,,,,,,,ACG,,NAL,ECA,,
,,,,,,,OBS,,AUR,AST,,
,,,,,,,AST,,OBS,OBS,,
,,,,,,,ACE,,SCL,AST,,
,,,,,,,ACP,,AST,OBS,,
,,,,,,,OBS,,OBS,AST,,
,,,,,,,ACD,,SCL,PRT,,
,,,,,,,OBS,,AST,AST,,
,,,,,,,AUR,,OBS,OBS,,
,,,,,,,OBS,,SCL,NAL,,
,,,,,,,AUR,,AST,SCL,,
,,,,,,,OBS,,PRT,OBS,,
,,,,,,,AUR,,AST,NAL,,
,,,,,,,OBS,,OBS,ACG,,
,,,,,,,AUR,,SCL,OBS,,
,,,,,,,OBS,,ACE,ACG,,
,,,,,,,AUR,,PRT,OBS,,
,,,,,,,OBS,,OBS,PRT,,
,,,,,,,AUR,,PRT,OBS,,
,,,,,,,ACA,,NAL,PRT,,
,,,,,,,OBS,,PRT,OBS,,
,,,,,,,NAL,,OBS,ACG,,
,,,,,,,OBS,,NAL,AST,,
,,,,,,,AST,,SCL,OBS,,
,,,,,,,APV,,AST,AST,,
,,,,,,,AST,,ACA,APV,,
,,,,,,,OBS,,OBS,OBS,,
,,,,,,,ACE,,NAL,PRT,,
,,,,,,,ACP,,SCL,OBS,,
,,,,,,,OBS,,ACA,AST,,
,,,,,,,ACD,,LIT,OBS,,
,,,,,,,AST,,OBS,NAL,,
,,,,,,,PRT,,SCL,OBS,,
,,,,,,,OBS,,NAL,AUR,,
,,,,,,,PRT,,SCL,OBS,,
,,,,,,,OBS,,APV,PRT,,
,,,,,,,ACP,,SCL,OBS,,
,,,,,,,ACA,,APV,NAL,,
,,,,,,,OBS,,SCL,,,
,,,,,,,ACA,,APV,,,
,,,,,,,OBS,,OBS,,,
,,,,,,,LIT,,SCL,,,
,,,,,,,OBS,,APV,,,
,,,,,,,NAL,,OBS,,,
,,,,,,,AUR,,NAL,,,
,,,,,,,OBS,,OBS,,,
,,,,,,,AUR,,NAL,,,
,,,,,,,ACP,,AUR,,,
,,,,,,,ACE,,OBS,,,
,,,,,,,ACP,,LIT,CBT,,
,,,,,,,OBS,,OBS,NAL,,
,,,,,,,NAL,,LIT,OBS,,
,,,,,,,ACP,,OBS,CBT,,
,,,,,,,OBS,,LIT,OBS,,
,,,,,,,ACP,,OBS,CBT,,
,,,,,,,OBS,,SCL,NAL,,
,,,,,,,ACP,,OBS,PRT,,
,,,,,,,OBS,,SCL,CBT,,
,,,,,,,LIT,,ACG,PRT,,
,,,,,,,OBS,,NAL,CBT,,
,,,,,,,ACG,,SCL,SCL,,
,,,,,,,OBS,,NAL,PRT,,
,,,,,,,AST,,ACG,CBT,,
,,,,,,,ACD,,OBS,SCL,,
,,,,,,,AST,,SCL,PRT,,
,,,,,,,OBS,,ACA,AUR,,
,,,,,,,AST,,ACG,CBT,,
,,,,,,,OBS,,ACP,NAL,,
,,,,,,,AST,,SCL,OBS,,
,,,,,,,OBS,,ACD,CBT,,
,,,,,,,AST,,OBS,OBS,,
,,,,,,,OBS,,SCL,CBT,,
,,,,,,,AST,,ACD,PRT,,
,,,,,,,OBS,,OBS,AUR,,
,,,,,,,AST,,SCL,CBT,,
,,,,,,,OBS,,PRT,OBS,,
,,,,,,,NAL,,OBS,CBT,,
,,,,,,,APV,,LIT,OBS,,
,,,,,,,OBS,,CBA,CBT,,
,,,,,,,AST,,OBS,OBS,,
,,,,,,,,,SCL,CBT,,
,,,,,,,,,PRT,OBS,,
,,,,,,,,,OBS,NAL,,
,,,,,,,,,SCL,ACD,,
,,,,,,,,,AST,OBS,,
,,,,,,,,,PRT,ACD,,
,,,,,,,,,OBS,OBS,,
,,,,,,,,,NAL,CBT,,
,,,,,,,,,PRT,PRT,,
,,,,,,,,,NAL,CBT,,
,,,,,,,,,PRT,PRT,,
,,,,,,,,,OBS,CBT,,
,,,,,,,,,SCL,OBS,,
,,,,,,,,,NAL,PRT,,
,,,,,,,,,OBS,OBS,,
,,,,,,,,,NAL,PRT,,
,,,,,,,,,OBS,OBS,,
,,,,,,,,,SCL,ACG,,
,,,,,,,,,PRT,OBS,,
,,,,,,,,,ACE,NAL,,
,,,,,,,,,OBS,SCL,,
,,,,,,,,,SCL,ACD,,
,,,,,,,,,ACE,AUR,,
,,,,,,,,,PRT,OBS,,
,,,,,,,,,OBS,AUR,,
,,,,,,,,,SCL,OBS,,
,,,,,,,,,ACE,AUR,,
,,,,,,,,,AST,OBS,,
,,,,,,,,,ACE,SCL,,
,,,,,,,,,AST,AST,,
,,,,,,,,,ACE,NAL,,
,,,,,,,,,PRT,AST,,
,,,,,,,,,OBS,NAL,,
,,,,,,,,,PRT,ACE,,
,,,,,,,,,ACE,OBS,,
,,,,,,,,,PRT,ECA,,
,,,,,,,,,OBS,OBS,,
,,,,,,,,,NAL,NAL,,
,,,,,,,,,PRT,,,
,,,,,,,,,LIT,,,
,,,,,,,,,OBS,,,
,,,,,,,,,SCL,,,
,,,,,,,,,APV,,,
,,,,,,,,,OBS,,,
,,,,,,,,,APV,,,
,,,,,,,,,OBS,,,
,,,,,,,,,APV,,,
,,,,,,,,,OBS,,,
,,,,,,,,,ACG,,,
,,,,,,,,,NAL,ACG,,
,,,,,,,,,OBS,OBS,,
,,,,,,,,,NAL,ACG,,
,,,,,,,,,OBS,OBS,,
,,,,,,,,,ACG,ACG,,
,,,,,,,,,OBS,OBS,,
,,,,,,,,,NAL,SCL,,
,,,,,,,,,PRT,AST,,
,,,,,,,,,SCL,AUR,,
,,,,,,,,,APV,AST,,
,,,,,,,,,AST,NAL,,
,,,,,,,,,ACE,AST,,
,,,,,,,,,PRT,APV,,
,,,,,,,,,OBS,OBS,,
,,,,,,,,,NAL,SCL,,
,,,,,,,,,ACG,NAL,,
,,,,,,,,,OBS,OBS,,
,,,,,,,,,LIT,NAL,,
,,,,,,,,,NAL,SCL,,
,,,,,,,,,ACG,ACG,,
,,,,,,,,,AST,OBS,,
,,,,,,,,,OBS,NAL,,
,,,,,,,,,AST,SCL,,
,,,,,,,,,OBS,OBS,,
,,,,,,,,,ACE,NAL,,
,,,,,,,,,NAL,SCL,,
,,,,,,,,,OBS,ACG,,
,,,,,,,,,SCL,OBS,,
,,,,,,,,,AST,ACG,,
,,,,,,,,,OBS,OBS,,
,,,,,,,,,AST,ACG,,
,,,,,,,,,NAL,OBS,,
,,,,,,,,,AST,ACG,,
,,,,,,,,,OBS,OBS,,
,,,,,,,,,AST,ACG,,
,,,,,,,,,OBS,OBS,,
,,,,,,,,,AST,ACG,,
,,,,,,,,,OBS,OBS,,
,,,,,,,,,ACG,ACG,,
,,,,,,,,,ACE,ACD,,
,,,,,,,,,OBS,OBS,,
,,,,,,,,,PRT,,,
,,,,,,,,,OBS,,,
,,,,,,,,,PRT,,,
,,,,,,,,,OBS,,,
,,,,,,,,,SCL,,,
,,,,,,,,,AUR,,,
,,,,,,,,,OBS,,,
,,,,,,,,,AUR,,,
,,,,,,,,,OBS,,,
,,,,,,,,,SCL,,,
,,,,,,,,,AST,,,
,,,,,,,,,OBS,OBS,,
,,,,,,,,,SCL,NAL,,
,,,,,,,,,ACG,SCL,,
,,,,,,,,,OBS,AST,,
,,,,,,,,,SCL,OBS,,
,,,,,,,,,ACG,NAL,,
,,,,,,,,,OBS,OBS,,
,,,,,,,,,SCL,AUR,,
,,,,,,,,,PRT,NAL,,
,,,,,,,,,OBS,OBS,,
,,,,,,,,,SCL,NAL,,
,,,,,,,,,PRT,OBS,,
,,,,,,,,,OBS,SCL,,
,,,,,,,,,APV,ACE,,
,,,,,,,,,OBS,OBS,,
,,,,,,,,,APV,SCL,,
,,,,,,,,,OBS,PRT,,
,,,,,,,,,AST,OBS,,
,,,,,,,,,OBS,PRT,,
,,,,,,,,,AST,OBS,,
,,,,,,,,,OBS,AST,,
,,,,,,,,,AST,OBS,,
,,,,,,,,,OBS,AST,,
,,,,,,,,,AST,OBS,,
,,,,,,,,,OBS,SCL,,
,,,,,,,,,AST,AST,,
,,,,,,,,,OBS,OBS,,
,,,,,,,,,AST,SCL,,
,,,,,,,,,PRT,AST,,
,,,,,,,,,AST,OBS,,
,,,,,,,,,OBS,AST,,
,,,,,,,,,AST,OBS,,
,,,,,,,,,OBS,EMA,,
,,,,,,,,,AST,SCL,,
,,,,,,,,,ACA,AST,,
,,,,,,,,,OBS,OBS,,
,,,,,,,,,AST,EMA,,
,,,,,,,,,APV,AST,,
,,,,,,,,,OBS,OBS,,
,,,,,,,,,ACE,AUR,,
,,,,,,,,,AST,OBS,,
,,,,,,,,,OBS,ACA,,
,,,,,,,,,AST,OBS,,
,,,,,,,,,OBS,AST,,
,,,,,,,,,ACG,OBS,,
,,,,,,,,,OBS,LCD,,
,,,,,,,,,ACG,ECA,,
,,,,,,,,,OBS,NAL,,
,,,,,,,,,SCL,OBS,,
,,,,,,,,,ACP,SCL,,
,,,,,,,,,ACG,ACG,,
,,,,,,,,,ACD,PRT,,
,,,,,,,,,AUR,OBS,,
,,,,,,,,,OBS,AST,,
,,,,,,,,,AUR,NAL,,
,,,,,,,,,,SAC,,
,,,,,,,,,,AUR,,
,,,,,,,,,,OBS,,
,,,,,,,,,,NAL,,
,,,,,,,,,,OBS,,
,,,,,,,,,,SCL,,
,,,,,,,,,,AST,,
,,,,,,,,,,OBS,,
,,,,,,,,,,EMA,,
,,,,,,,,,,OBS,,
,,,,,,,,,,NAL,,
,,,,,,,,,,ACE,,
,,,,,,,,,,PRT,,
,,,,,,,,,,OBS,,
,,,,,,,,,,NAL,,
,,,,,,,,,,PRT,,
,,,,,,,,,,OBS,,
,,,,,,,,,,PRT,,
,,,,,,,,,,OBS,,
,,,,,,,,,,PRT,,
,,,,,,,,,,LIT,,
,,,,,,,,,,OBS,,
,,,,,,,,,,SCL,,
,,,,,,,,,,PRT,,
,,,,,,,,,,LCD,,
,,,,,,,,,,ECA,,
,,,,,,,,,,NAL,,
,,,,,,,,,,OBS,,
,,,,,,,,,,ACE,,
,,,,,,,,,,LIT,,
,,,,,,,,,,CBA,,
,,,,,,,,,,OBS,,
,,,,,,,,,,NAL,,
,,,,,,,,,,ACG,,
,,,,,,,,,,OBS,,
,,,,,,,,,,ACG,,
,,,,,,,,,,OBS,,
,,,,,,,,,,NAL,,
,,,,,,,,,,AUR,,
,,,,,,,,,,NAL,,
,,,,,,,,,,OBS,,
,,,,,,,,,,NAL,,
,,,,,,,,,,OBS,,
,,,,,,,,,,AST,,
,,,,,,,,,,EMA,,
,,,,,,,,,,OBS,,
,,,,,,,,,,AST,,
,,,,,,,,,,OBS,,
,,,,,,,,,,AST,,
,,,,,,,,,,OBS,,
,,,,,,,,,,NAL,,
,,,,,,,,,,ACG,,
,,,,,,,,,,OBS,,
,,,,,,,,,,PRT,,
,,,,,,,,,,LCD,,
,,,,,,,,,,OBS,,
,,,,,,,,,,PRT,,
,,,,,,,,,,OBS,,
,,,,,,,,,,NAL,,
,,,,,,,,,,APV,,
,,,,,,,,,,PRT,,
,,,,,,,,,,LIT,,
,,,,,,,,,,OBS,,
,,,,,,,,,,PRT,,
,,,,,,,,,,OBS,,
,,,,,,,,,,NAL,,
,,,,,,,,,,OBS,,
,,,,,,,,,,NAL,,
,,,,,,,,,,OBS,,
,,,,,,,,,,NAL,,
,,,,,,,,,,AUR,,
,,,,,,,,,,OBS,,
,,,,,,,,,,EMA,,
,,,,,,,,,,PRT,,
,,,,,,,,,,OBS,,
,,,,,,,,,,PRT,,
,,,,,,,,,,OBS,,
,,,,,,,,,,NAL,,
,,,,,,,,,,OBS,,
,,,,,,,,,,NAL,,
,,,,,,,,,,OBS,,
,,,,,,,,,,NAL,,
,,,,,,,,,,OBS,,
,,,,,,,,,,NAL,,
,,,,,,,,,,AUR,,
,,,,,,,,,,OBS,,
,,,,,,,,,,EMA,,
,,,,,,,,,,PRT,,
,,,,,,,,,,OBS,,
,,,,,,,,,,PRT,,
,,,,,,,,,,OBS,,
,,,,,,,,,,NAL,,
,,,,,,,,,,OBS,,
,,,,,,,,,,SCL,,
,,,,,,,,,,ACG,,
,,,,,,,,,,OBS,,
,,,,,,,,,,SCL,,
,,,,,,,,,,AST,,
,,,,,,,,,,OBS,,
,,,,,,,,,,NAL,,
,,,,,,,,,,ACG,,
,,,,,,,,,,OBS,,
,,,,,,,,,,NAL,,
,,,,,,,,,,SCL,,
,,,,,,,,,,ACG,,
,,,,,,,,,,OBS,,
,,,,,,,,,,ACE,,
,,,,,,,,,,OBS,,
,,,,,,,,,,EMA,,
,,,,,,,,,,PRT,,
,,,,,,,,,,ACE,,
,,,,,,,,,,PRT,,
,,,,,,,,,,AST,,
,,,,,,,,,,OBS,,
,,,,,,,,,,AST,,
,,,,,,,,,,OBS,,
,,,,,,,,,,AUR,,
,,,,,,,,,,OBS,,
,,,,,,,,,,AUR,,
,,,,,,,,,,OBS,,
,,,,,,,,,,AUR,,
,,,,,,,,,,OBS,,
,,,,,,,,,,LCD,,
,,,,,,,,,,AUR,,
,,,,,,,,,,NAL,,
,,,,,,,,,,OBS,,
,,,,,,,,,,AUR,,
,,,,,,,,,,NAL,,
,,,,,,,,,,SAC,,
,,,,,,,,,,AUR,,
,,,,,,,,,,OBS,,
,,,,,,,,,,ECA,,
,,,,,,,,,,OBS,,
,,,,,,,,,,EMA,,
,,,,,,,,,,AST,,
,,,,,,,,,,OBS,,
,,,,,,,,,,AST,,
,,,,,,,,,,,,
,,,,,,,,,,,,
,,,,,,,,,,,,
,,,,,,,,,,,,
,,,,,,,,,,,,
,,,,,,,,,,,,
,,,,,,,,,,,,
,,,,,,,,,,,,
,,,,,,,,,,,,
,,,,,,,,,,,,
,,,,,,,,,,,,
,,,,,,,,,,ACE,,
,,,,,,,,,,AST,,
,,,,,,,,,,PRT,,
,,,,,,,,,,OBS,,
,,,,,,,,,,NAL,,
,,,,,,,,,,OBS,,
,,,,,,,,,,NAL,,
,,,,,,,,,,OBS,,
,,,,,,,,,,ACA,,
,,,,,,,,,,OBS,,
,,,,,,,,,,NAL,,
,,,,,,,,,,AST,,
,,,,,,,,,,OBS,,
,,,,,,,,,,PRT,,
,,,,,,,,,,OBS,,
,,,,,,,,,,PRT,,
,,,,,,,,,,OBS,,
,,,,,,,,,,AST,,
,,,,,,,,,,OBS,,
,,,,,,,,,,NAL,,
,,,,,,,,,,AST,,
,,,,,,,,,,OBS,,
,,,,,,,,,,NAL,,
,,,,,,,,,,AST,,
,,,,,,,,,,ACG,,
,,,,,,,,,,AST,,
,,,,,,,,,,OBS,,
,,,,,,,,,,NAL,,
,,,,,,,,,,AST,,
,,,,,,,,,,ECA,,
,,,,,,,,,,SCL,,
,,,,,,,,,,AST,,
,,,,,,,,,,OBS,,
,,,,,,,,,,NAL,,
,,,,,,,,,,ACG,,
,,,,,,,,,,OBS,,
,,,,,,,,,,ACG,,
,,,,,,,,,,OBS,,
,,,,,,,,,,ACG,,
,,,,,,,,,,OBS,,
,,,,,,,,,,NAL,,
,,,,,,,,,,ACG,,
,,,,,,,,,,OBS,,
,,,,,,,,,,NAL,,
,,,,,,,,,,OBS,,
,,,,,,,,,,NAL,,
,,,,,,,,,,AST,,
,,,,,,,,,,OBS,,
,,,,,,,,,,SCL,,
,,,,,,,,,,ACG,,
,,,,,,,,,,ACD,,
,,,,,,,,,,OBS,,
,,,,,,,,,,EMA,,
,,,,,,,,,,ACG,,
,,,,,,,,,,ACP,,
,,,,,,,,,,OBS,,
,,,,,,,,,,NAL,,
,,,,,,,,,,AUR,,
,,,,,,,,,,AST,,
,,,,,,,,,,EMA,,
,,,,,,,,,,OBS,,
,,,,,,,,,,EMA,,
,,,,,,,,,,OBS,,
,,,,,,,,,,SCL,,
,,,,,,,,,,ACP,,
,,,,,,,,,,ACA,,
,,,,,,,,,,OBS,,
,,,,,,,,,,SCL,,
,,,,,,,,,,ACG,,
,,,,,,,,,,ACE,,
,,,,,,,,,,OBS,,
,,,,,,,,,,ACD,,
,,,,,,,,,,OBS,,
,,,,,,,,,,NAL,,
,,,,,,,,,,SCL,,
,,,,,,,,,,ACG,,
,,,,,,,,,,OBS,,
,,,,,,,,,,AST,,
,,,,,,,,,,ACG,,
,,,,,,,,,,OBS,,
